# СИНТЕТИЧЕСКИЕ ДАННЫЕ (заглушка, см. data/make_synthetic.py)
# строка --- момент времени (шаг 0.01 с); x-столбцы точек (с единицы): плечо 23, корпус 20, таз 17, колено 14, щиколотка 11, стопа 8; y --- следующий столбец; мм
0.00 0.00 0.00 0.00 0.00 0.00 0.00 0.00 0.00 0.00 -150.00 80.00 0.00 -75.33 503.47 0.00 -505.33 503.47 0.00 -416.41 747.79 0.00 -327.48 992.11 0.00 0.00
0.01 0.00 0.00 0.00 0.00 0.00 0.00 0.00 0.00 0.00 -150.00 80.00 0.00 -75.33 503.47 0.00 -505.33 503.47 0.00 -416.41 747.79 0.00 -327.48 992.11 0.00 0.00
0.02 0.00 0.00 0.00 0.00 0.00 0.00 0.00 0.00 0.00 -150.00 80.00 0.00 -75.33 503.47 0.00 -505.33 503.47 0.00 -416.41 747.79 0.00 -327.48 992.11 0.00 0.00
0.03 0.00 0.00 0.00 0.00 0.00 0.00 0.00 0.00 0.00 -150.00 80.00 0.00 -75.33 503.47 0.00 -505.33 503.47 0.00 -416.41 747.79 0.00 -327.48 992.11 0.00 0.00
0.04 0.00 0.00 0.00 0.00 0.00 0.00 0.00 0.00 0.00 -150.00 80.00 0.00 -75.33 503.47 0.00 -505.33 503.47 0.00 -416.41 747.79 0.00 -327.48 992.11 0.00 0.00
0.05 0.00 0.00 0.00 0.00 0.00 0.00 0.00 0.00 0.00 -150.00 80.00 0.00 -75.33 503.47 0.00 -505.33 503.47 0.00 -416.41 747.79 0.00 -327.48 992.11 0.00 0.00
0.06 0.00 0.00 0.00 0.00 0.00 0.00 0.00 0.00 0.00 -150.00 80.00 0.00 -75.33 503.47 0.00 -505.33 503.47 0.00 -416.41 747.79 0.00 -327.48 992.11 0.00 0.00
0.07 0.00 0.00 0.00 0.00 0.00 0.00 0.00 0.00 0.00 -150.00 80.00 0.00 -75.33 503.47 0.00 -505.33 503.47 0.00 -416.41 747.79 0.00 -327.48 992.11 0.00 0.00
0.08 0.00 0.00 0.00 0.00 0.00 0.00 0.00 0.00 0.00 -150.00 80.00 0.00 -75.33 503.47 0.00 -505.33 503.47 0.00 -416.41 747.79 0.00 -327.48 992.11 0.00 0.00
0.09 0.00 0.00 0.00 0.00 0.00 0.00 0.00 0.00 0.00 -150.00 80.00 0.00 -75.33 503.47 0.00 -505.33 503.47 0.00 -416.41 747.79 0.00 -327.48 992.11 0.00 0.00
0.10 0.00 0.00 0.00 0.00 0.00 0.00 0.00 0.00 0.00 -150.00 80.00 0.00 -75.33 503.47 0.00 -505.33 503.47 0.00 -416.41 747.79 0.00 -327.48 992.11 0.00 0.00
0.11 0.00 0.00 0.00 0.00 0.00 0.00 0.00 0.00 0.00 -150.00 80.00 0.00 -75.33 503.47 0.00 -505.33 503.47 0.00 -416.41 747.79 0.00 -327.48 992.11 0.00 0.00
0.12 0.00 0.00 0.00 0.00 0.00 0.00 0.00 0.00 0.00 -150.00 80.00 0.00 -75.33 503.47 0.00 -505.33 503.47 0.00 -416.41 747.79 0.00 -327.48 992.11 0.00 0.00
0.13 0.00 0.00 0.00 0.00 0.00 0.00 0.00 0.00 0.00 -150.00 80.00 0.00 -75.33 503.47 0.00 -505.33 503.47 0.00 -416.41 747.79 0.00 -327.48 992.11 0.00 0.00
0.14 0.00 0.00 0.00 0.00 0.00 0.00 0.00 0.00 0.00 -150.00 80.00 0.00 -75.33 503.47 0.00 -505.33 503.47 0.00 -416.41 747.79 0.00 -327.48 992.11 0.00 0.00
0.15 0.00 0.00 0.00 0.00 0.00 0.00 0.00 0.00 0.00 -150.00 80.00 0.00 -75.33 503.47 0.00 -505.33 503.47 0.00 -416.41 747.79 0.00 -327.48 992.11 0.00 0.00
0.16 0.00 0.00 0.00 0.00 0.00 0.00 0.00 0.00 0.00 -150.00 80.00 0.00 -75.33 503.47 0.00 -505.33 503.47 0.00 -416.41 747.79 0.00 -327.48 992.11 0.00 0.00
0.17 0.00 0.00 0.00 0.00 0.00 0.00 0.00 0.00 0.00 -150.00 80.00 0.00 -75.33 503.47 0.00 -505.33 503.47 0.00 -416.41 747.79 0.00 -327.48 992.11 0.00 0.00
0.18 0.00 0.00 0.00 0.00 0.00 0.00 0.00 0.00 0.00 -150.00 80.00 0.00 -75.33 503.47 0.00 -505.33 503.47 0.00 -416.41 747.79 0.00 -327.48 992.11 0.00 0.00
0.19 0.00 0.00 0.00 0.00 0.00 0.00 0.00 0.00 0.00 -150.00 80.00 0.00 -75.33 503.47 0.00 -505.33 503.47 0.00 -416.41 747.79 0.00 -327.48 992.11 0.00 0.00
0.20 0.00 0.00 0.00 0.00 0.00 0.00 0.00 0.00 0.00 -150.00 80.00 0.00 -75.33 503.47 0.00 -505.33 503.47 0.00 -416.41 747.79 0.00 -327.48 992.11 0.00 0.00
0.21 0.00 0.00 0.00 0.00 0.00 0.00 0.00 0.00 0.00 -150.00 80.00 0.00 -75.33 503.47 0.00 -505.33 503.47 0.00 -416.41 747.79 0.00 -327.48 992.11 0.00 0.00
0.22 0.00 0.00 0.00 0.00 0.00 0.00 0.00 0.00 0.00 -150.00 80.00 0.00 -75.33 503.47 0.00 -505.33 503.47 0.00 -416.41 747.79 0.00 -327.48 992.11 0.00 0.00
0.23 0.00 0.00 0.00 0.00 0.00 0.00 0.00 0.00 0.00 -150.00 80.00 0.00 -75.33 503.47 0.00 -505.33 503.47 0.00 -416.41 747.79 0.00 -327.48 992.11 0.00 0.00
0.24 0.00 0.00 0.00 0.00 0.00 0.00 0.00 0.00 0.00 -150.00 80.00 0.00 -75.33 503.47 0.00 -505.33 503.47 0.00 -416.41 747.79 0.00 -327.48 992.11 0.00 0.00
0.25 0.00 0.00 0.00 0.00 0.00 0.00 0.00 0.00 0.00 -150.00 80.00 0.00 -75.33 503.47 0.00 -505.33 503.47 0.00 -416.41 747.79 0.00 -327.48 992.11 0.00 0.00
0.26 0.00 0.00 0.00 0.00 0.00 0.00 0.00 0.00 0.00 -150.00 80.00 0.00 -75.33 503.47 0.00 -505.33 503.47 0.00 -416.41 747.79 0.00 -327.48 992.11 0.00 0.00
0.27 0.00 0.00 0.00 0.00 0.00 0.00 0.00 0.00 0.00 -150.00 80.00 0.00 -75.33 503.47 0.00 -505.33 503.47 0.00 -416.41 747.79 0.00 -327.48 992.11 0.00 0.00
0.28 0.00 0.00 0.00 0.00 0.00 0.00 0.00 0.00 0.00 -150.00 80.00 0.00 -75.33 503.47 0.00 -505.33 503.47 0.00 -416.41 747.79 0.00 -327.48 992.11 0.00 0.00
0.29 0.00 0.00 0.00 0.00 0.00 0.00 0.00 0.00 0.00 -150.00 80.00 0.00 -75.33 503.47 0.00 -505.33 503.47 0.00 -416.41 747.79 0.00 -327.48 992.11 0.00 0.00
0.30 0.00 0.00 0.00 0.00 0.00 0.00 0.00 0.00 0.00 -150.00 80.00 0.00 -75.33 503.47 0.00 -505.33 503.47 0.00 -416.41 747.79 0.00 -327.48 992.11 0.00 0.00
0.31 0.00 0.00 0.00 0.00 0.00 0.00 0.00 0.00 0.00 -150.00 80.00 0.00 -75.33 503.47 0.00 -505.33 503.47 0.00 -416.41 747.79 0.00 -327.48 992.11 0.00 0.00
0.32 0.00 0.00 0.00 0.00 0.00 0.00 0.00 0.00 0.00 -150.00 80.00 0.00 -75.33 503.47 0.00 -505.33 503.47 0.00 -416.41 747.79 0.00 -327.48 992.11 0.00 0.00
0.33 0.00 0.00 0.00 0.00 0.00 0.00 0.00 0.00 0.00 -150.00 80.00 0.00 -75.33 503.47 0.00 -505.33 503.47 0.00 -416.41 747.79 0.00 -327.48 992.11 0.00 0.00
0.34 0.00 0.00 0.00 0.00 0.00 0.00 0.00 0.00 0.00 -150.00 80.00 0.00 -75.33 503.47 0.00 -505.33 503.47 0.00 -416.41 747.79 0.00 -327.48 992.11 0.00 0.00
0.35 0.00 0.00 0.00 0.00 0.00 0.00 0.00 0.00 0.00 -150.00 80.00 0.00 -75.33 503.47 0.00 -505.33 503.47 0.00 -416.41 747.79 0.00 -327.48 992.11 0.00 0.00
0.36 0.00 0.00 0.00 0.00 0.00 0.00 0.00 0.00 0.00 -150.00 80.00 0.00 -75.33 503.47 0.00 -505.33 503.47 0.00 -416.41 747.79 0.00 -327.48 992.11 0.00 0.00
0.37 0.00 0.00 0.00 0.00 0.00 0.00 0.00 0.00 0.00 -150.00 80.00 0.00 -75.33 503.47 0.00 -505.33 503.47 0.00 -416.41 747.79 0.00 -327.48 992.11 0.00 0.00
0.38 0.00 0.00 0.00 0.00 0.00 0.00 0.00 0.00 0.00 -150.00 80.00 0.00 -75.33 503.47 0.00 -505.33 503.47 0.00 -416.41 747.79 0.00 -327.48 992.11 0.00 0.00
0.39 0.00 0.00 0.00 0.00 0.00 0.00 0.00 0.00 0.00 -150.00 80.00 0.00 -75.33 503.47 0.00 -505.33 503.47 0.00 -416.41 747.79 0.00 -327.48 992.11 0.00 0.00
0.40 0.00 0.00 0.00 0.00 0.00 0.00 0.00 0.00 0.00 -150.00 80.00 0.00 -75.33 503.47 0.00 -505.33 503.47 0.00 -416.41 747.79 0.00 -327.48 992.11 0.00 0.00
0.41 0.00 0.00 0.00 0.00 0.00 0.00 0.00 0.00 0.00 -150.00 80.00 0.00 -75.33 503.47 0.00 -505.33 503.47 0.00 -416.41 747.79 0.00 -327.48 992.11 0.00 0.00
0.42 0.00 0.00 0.00 0.00 0.00 0.00 0.00 0.00 0.00 -150.00 80.00 0.00 -75.33 503.47 0.00 -505.33 503.47 0.00 -416.41 747.79 0.00 -327.48 992.11 0.00 0.00
0.43 0.00 0.00 0.00 0.00 0.00 0.00 0.00 0.00 0.00 -150.00 80.00 0.00 -75.33 503.47 0.00 -505.33 503.47 0.00 -416.41 747.79 0.00 -327.48 992.11 0.00 0.00
0.44 0.00 0.00 0.00 0.00 0.00 0.00 0.00 0.00 0.00 -150.00 80.00 0.00 -75.33 503.47 0.00 -505.33 503.47 0.00 -416.41 747.79 0.00 -327.48 992.11 0.00 0.00
0.45 0.00 0.00 0.00 0.00 0.00 0.00 0.00 0.00 0.00 -150.00 80.00 0.00 -75.33 503.47 0.00 -505.33 503.47 0.00 -416.41 747.79 0.00 -327.48 992.11 0.00 0.00
0.46 0.00 0.00 0.00 0.00 0.00 0.00 0.00 0.00 0.00 -150.00 80.00 0.00 -75.33 503.47 0.00 -505.33 503.47 0.00 -416.41 747.79 0.00 -327.48 992.11 0.00 0.00
0.47 0.00 0.00 0.00 0.00 0.00 0.00 0.00 0.00 0.00 -150.00 80.00 0.00 -75.33 503.47 0.00 -505.33 503.47 0.00 -416.41 747.79 0.00 -327.48 992.11 0.00 0.00
0.48 0.00 0.00 0.00 0.00 0.00 0.00 0.00 0.00 0.00 -150.00 80.00 0.00 -75.33 503.47 0.00 -505.33 503.47 0.00 -416.41 747.79 0.00 -327.48 992.11 0.00 0.00
0.49 0.00 0.00 0.00 0.00 0.00 0.00 0.00 0.00 0.00 -150.00 80.00 0.00 -75.33 503.47 0.00 -505.33 503.47 0.00 -416.41 747.79 0.00 -327.48 992.11 0.00 0.00
0.50 0.00 0.00 0.00 0.00 0.00 0.00 0.00 0.00 0.00 -150.00 80.00 0.00 -75.33 503.47 0.00 -505.33 503.47 0.00 -416.41 747.79 0.00 -327.48 992.11 0.00 0.00
0.51 0.00 0.00 0.00 0.00 0.00 0.00 0.00 0.00 0.00 -150.00 80.00 0.00 -75.33 503.47 0.00 -505.33 503.47 0.00 -416.41 747.79 0.00 -327.48 992.11 0.00 0.00
0.52 0.00 0.00 0.00 0.00 0.00 0.00 0.00 0.00 0.00 -150.00 80.00 0.00 -75.33 503.47 0.00 -505.33 503.47 0.00 -416.41 747.79 0.00 -327.48 992.11 0.00 0.00
0.53 0.00 0.00 0.00 0.00 0.00 0.00 0.00 0.00 0.00 -150.00 80.00 0.00 -75.33 503.47 0.00 -505.33 503.47 0.00 -416.41 747.79 0.00 -327.48 992.11 0.00 0.00
0.54 0.00 0.00 0.00 0.00 0.00 0.00 0.00 0.00 0.00 -150.00 80.00 0.00 -75.33 503.47 0.00 -505.33 503.47 0.00 -416.41 747.79 0.00 -327.48 992.11 0.00 0.00
0.55 0.00 0.00 0.00 0.00 0.00 0.00 0.00 0.00 0.00 -150.00 80.00 0.00 -75.33 503.47 0.00 -505.33 503.47 0.00 -416.41 747.79 0.00 -327.48 992.11 0.00 0.00
0.56 0.00 0.00 0.00 0.00 0.00 0.00 0.00 0.00 0.00 -150.00 80.00 0.00 -75.33 503.47 0.00 -505.33 503.47 0.00 -416.41 747.79 0.00 -327.48 992.11 0.00 0.00
0.57 0.00 0.00 0.00 0.00 0.00 0.00 0.00 0.00 0.00 -150.00 80.00 0.00 -75.33 503.47 0.00 -505.33 503.47 0.00 -416.41 747.79 0.00 -327.48 992.11 0.00 0.00
0.58 0.00 0.00 0.00 0.00 0.00 0.00 0.00 0.00 0.00 -150.00 80.00 0.00 -75.33 503.47 0.00 -505.33 503.47 0.00 -416.41 747.79 0.00 -327.48 992.11 0.00 0.00
0.59 0.00 0.00 0.00 0.00 0.00 0.00 0.00 0.00 0.00 -150.00 80.00 0.00 -75.33 503.47 0.00 -505.33 503.47 0.00 -416.41 747.79 0.00 -327.48 992.11 0.00 0.00
0.60 0.00 0.00 0.00 0.00 0.00 0.00 0.00 0.00 0.00 -150.00 80.00 0.00 -75.33 503.47 0.00 -505.33 503.47 0.00 -416.41 747.79 0.00 -327.48 992.11 0.00 0.00
0.61 0.00 0.00 0.00 0.00 0.00 0.00 0.00 0.00 0.00 -150.00 80.00 0.00 -75.33 503.47 0.00 -505.33 503.47 0.00 -416.41 747.79 0.00 -327.48 992.11 0.00 0.00
0.62 0.00 0.00 0.00 0.00 0.00 0.00 0.00 0.00 0.00 -150.00 80.00 0.00 -75.33 503.47 0.00 -505.33 503.47 0.00 -416.41 747.79 0.00 -327.48 992.11 0.00 0.00
0.63 0.00 0.00 0.00 0.00 0.00 0.00 0.00 0.00 0.00 -150.00 80.00 0.00 -75.33 503.47 0.00 -505.33 503.47 0.00 -416.41 747.79 0.00 -327.48 992.11 0.00 0.00
0.64 0.00 0.00 0.00 0.00 0.00 0.00 0.00 0.00 0.00 -150.00 80.00 0.00 -75.33 503.47 0.00 -505.33 503.47 0.00 -416.41 747.79 0.00 -327.48 992.11 0.00 0.00
0.65 0.00 0.00 0.00 0.00 0.00 0.00 0.00 0.00 0.00 -150.00 80.00 0.00 -75.33 503.47 0.00 -505.33 503.47 0.00 -416.41 747.79 0.00 -327.48 992.11 0.00 0.00
0.66 0.00 0.00 0.00 0.00 0.00 0.00 0.00 0.00 0.00 -150.00 80.00 0.00 -75.33 503.47 0.00 -505.33 503.47 0.00 -416.41 747.79 0.00 -327.48 992.11 0.00 0.00
0.67 0.00 0.00 0.00 0.00 0.00 0.00 0.00 0.00 0.00 -150.00 80.00 0.00 -75.33 503.47 0.00 -505.33 503.47 0.00 -416.41 747.79 0.00 -327.48 992.11 0.00 0.00
0.68 0.00 0.00 0.00 0.00 0.00 0.00 0.00 0.00 0.00 -150.00 80.00 0.00 -75.33 503.47 0.00 -505.33 503.47 0.00 -416.41 747.79 0.00 -327.48 992.11 0.00 0.00
0.69 0.00 0.00 0.00 0.00 0.00 0.00 0.00 0.00 0.00 -150.00 80.00 0.00 -75.33 503.47 0.00 -505.33 503.47 0.00 -416.41 747.79 0.00 -327.48 992.11 0.00 0.00
0.70 0.00 0.00 0.00 0.00 0.00 0.00 0.00 0.00 0.00 -150.00 80.00 0.00 -75.33 503.47 0.00 -505.33 503.47 0.00 -416.41 747.79 0.00 -327.48 992.11 0.00 0.00
0.71 0.00 0.00 0.00 0.00 0.00 0.00 0.00 0.00 0.00 -150.00 80.00 0.00 -75.33 503.47 0.00 -505.33 503.47 0.00 -416.41 747.79 0.00 -327.48 992.11 0.00 0.00
0.72 0.00 0.00 0.00 0.00 0.00 0.00 0.00 0.00 0.00 -150.00 80.00 0.00 -75.33 503.47 0.00 -505.33 503.47 0.00 -416.41 747.79 0.00 -327.48 992.11 0.00 0.00
0.73 0.00 0.00 0.00 0.00 0.00 0.00 0.00 0.00 0.00 -150.00 80.00 0.00 -75.33 503.47 0.00 -505.33 503.47 0.00 -416.41 747.79 0.00 -327.48 992.11 0.00 0.00
0.74 0.00 0.00 0.00 0.00 0.00 0.00 0.00 0.00 0.00 -150.00 80.00 0.00 -75.33 503.47 0.00 -505.33 503.47 0.00 -416.41 747.79 0.00 -327.48 992.11 0.00 0.00
0.75 0.00 0.00 0.00 0.00 0.00 0.00 0.00 0.00 0.00 -150.00 80.00 0.00 -75.33 503.47 0.00 -505.33 503.47 0.00 -416.41 747.79 0.00 -327.48 992.11 0.00 0.00
0.76 0.00 0.00 0.00 0.00 0.00 0.00 0.00 0.00 0.00 -150.00 80.00 0.00 -75.33 503.47 0.00 -505.33 503.47 0.00 -416.41 747.79 0.00 -327.48 992.11 0.00 0.00
0.77 0.00 0.00 0.00 0.00 0.00 0.00 0.00 0.00 0.00 -150.00 80.00 0.00 -75.33 503.47 0.00 -505.33 503.47 0.00 -416.41 747.79 0.00 -327.48 992.11 0.00 0.00
0.78 0.00 0.00 0.00 0.00 0.00 0.00 0.00 0.00 0.00 -150.00 80.00 0.00 -75.33 503.47 0.00 -505.33 503.47 0.00 -416.41 747.79 0.00 -327.48 992.11 0.00 0.00
0.79 0.00 0.00 0.00 0.00 0.00 0.00 0.00 0.00 0.00 -150.00 80.00 0.00 -75.33 503.47 0.00 -505.33 503.47 0.00 -416.41 747.79 0.00 -327.48 992.11 0.00 0.00
0.80 0.00 0.00 0.00 0.00 0.00 0.00 0.00 0.00 0.00 -150.00 80.00 0.00 -75.33 503.47 0.00 -505.33 503.47 0.00 -416.41 747.79 0.00 -327.48 992.11 0.00 0.00
0.81 0.00 0.00 0.00 0.00 0.00 0.00 0.00 0.00 0.00 -150.00 80.00 0.00 -75.33 503.47 0.00 -505.33 503.47 0.00 -416.41 747.79 0.00 -327.48 992.11 0.00 0.00
0.82 0.00 0.00 0.00 0.00 0.00 0.00 0.00 0.00 0.00 -150.00 80.00 0.00 -75.33 503.47 0.00 -505.33 503.47 0.00 -416.41 747.79 0.00 -327.48 992.11 0.00 0.00
0.83 0.00 0.00 0.00 0.00 0.00 0.00 0.00 0.00 0.00 -150.00 80.00 0.00 -75.33 503.47 0.00 -505.33 503.47 0.00 -416.41 747.79 0.00 -327.48 992.11 0.00 0.00
0.84 0.00 0.00 0.00 0.00 0.00 0.00 0.00 0.00 0.00 -150.00 80.00 0.00 -75.33 503.47 0.00 -505.33 503.47 0.00 -416.41 747.79 0.00 -327.48 992.11 0.00 0.00
0.85 0.00 0.00 0.00 0.00 0.00 0.00 0.00 0.00 0.00 -150.00 80.00 0.00 -75.33 503.47 0.00 -505.33 503.47 0.00 -416.41 747.79 0.00 -327.48 992.11 0.00 0.00
0.86 0.00 0.00 0.00 0.00 0.00 0.00 0.00 0.00 0.00 -150.00 80.00 0.00 -75.33 503.47 0.00 -505.33 503.47 0.00 -416.41 747.79 0.00 -327.48 992.11 0.00 0.00
0.87 0.00 0.00 0.00 0.00 0.00 0.00 0.00 0.00 0.00 -150.00 80.00 0.00 -75.33 503.47 0.00 -505.33 503.47 0.00 -416.41 747.79 0.00 -327.48 992.11 0.00 0.00
0.88 0.00 0.00 0.00 0.00 0.00 0.00 0.00 0.00 0.00 -150.00 80.00 0.00 -75.33 503.47 0.00 -505.33 503.47 0.00 -416.41 747.79 0.00 -327.48 992.11 0.00 0.00
0.89 0.00 0.00 0.00 0.00 0.00 0.00 0.00 0.00 0.00 -150.00 80.00 0.00 -75.33 503.47 0.00 -505.33 503.47 0.00 -416.41 747.79 0.00 -327.48 992.11 0.00 0.00
0.90 0.00 0.00 0.00 0.00 0.00 0.00 0.00 0.00 0.00 -150.00 80.00 0.00 -75.33 503.47 0.00 -505.33 503.47 0.00 -416.41 747.79 0.00 -327.48 992.11 0.00 0.00
0.91 0.00 0.00 0.00 0.00 0.00 0.00 0.00 0.00 0.00 -150.00 80.00 0.00 -75.33 503.47 0.00 -505.33 503.47 0.00 -416.41 747.79 0.00 -327.48 992.11 0.00 0.00
0.92 0.00 0.00 0.00 0.00 0.00 0.00 0.00 0.00 0.00 -150.00 80.00 0.00 -75.33 503.47 0.00 -505.33 503.47 0.00 -416.41 747.79 0.00 -327.48 992.11 0.00 0.00
0.93 0.00 0.00 0.00 0.00 0.00 0.00 0.00 0.00 0.00 -150.00 80.00 0.00 -75.33 503.47 0.00 -505.33 503.47 0.00 -416.41 747.79 0.00 -327.48 992.11 0.00 0.00
0.94 0.00 0.00 0.00 0.00 0.00 0.00 0.00 0.00 0.00 -150.00 80.00 0.00 -75.33 503.47 0.00 -505.33 503.47 0.00 -416.41 747.79 0.00 -327.48 992.11 0.00 0.00
0.95 0.00 0.00 0.00 0.00 0.00 0.00 0.00 0.00 0.00 -150.00 80.00 0.00 -75.33 503.47 0.00 -505.33 503.47 0.00 -416.41 747.79 0.00 -327.48 992.11 0.00 0.00
0.96 0.00 0.00 0.00 0.00 0.00 0.00 0.00 0.00 0.00 -150.00 80.00 0.00 -75.33 503.47 0.00 -505.33 503.47 0.00 -416.41 747.79 0.00 -327.48 992.11 0.00 0.00
0.97 0.00 0.00 0.00 0.00 0.00 0.00 0.00 0.00 0.00 -150.00 80.00 0.00 -75.33 503.47 0.00 -505.33 503.47 0.00 -416.41 747.79 0.00 -327.48 992.11 0.00 0.00
0.98 0.00 0.00 0.00 0.00 0.00 0.00 0.00 0.00 0.00 -150.00 80.00 0.00 -75.33 503.47 0.00 -505.33 503.47 0.00 -416.41 747.79 0.00 -327.48 992.11 0.00 0.00
0.99 0.00 0.00 0.00 0.00 0.00 0.00 0.00 0.00 0.00 -150.00 80.00 0.00 -75.33 503.47 0.00 -505.33 503.47 0.00 -416.41 747.79 0.00 -327.48 992.11 0.00 0.00
1.00 0.00 0.00 0.00 0.00 0.00 0.00 0.00 0.00 0.00 -150.00 80.00 0.00 -75.33 503.47 0.00 -505.33 503.47 0.00 -416.41 747.79 0.00 -327.48 992.11 0.00 0.00
1.01 0.00 0.00 0.00 0.00 0.00 0.00 0.00 0.00 0.00 -150.00 80.00 0.00 -75.33 503.47 0.00 -505.33 503.49 0.00 -416.40 747.80 0.00 -327.46 992.12 0.00 0.00
1.02 0.00 0.00 0.00 0.00 0.00 0.00 0.00 0.00 0.00 -150.00 80.00 0.00 -75.34 503.47 0.00 -505.34 503.54 0.00 -416.37 747.85 0.00 -327.40 992.15 0.00 0.00
1.03 0.00 0.00 0.00 0.00 0.00 0.00 0.00 0.00 0.00 -150.00 80.00 0.00 -75.35 503.47 0.00 -505.35 503.64 0.00 -416.33 747.92 0.00 -327.31 992.21 0.00 0.00
1.04 0.00 0.00 0.00 0.00 0.00 0.00 0.00 0.00 0.00 -150.00 80.00 0.00 -75.36 503.47 0.00 -505.36 503.77 0.00 -416.27 748.03 0.00 -327.18 992.29 0.00 0.00
1.05 0.00 0.00 0.00 0.00 0.00 0.00 0.00 0.00 0.00 -150.00 80.00 0.00 -75.38 503.48 0.00 -505.38 503.94 0.00 -416.19 748.16 0.00 -327.01 992.39 0.00 0.00
1.06 0.00 0.00 0.00 0.00 0.00 0.00 0.00 0.00 0.00 -150.00 80.00 0.00 -75.40 503.48 0.00 -505.40 504.15 0.00 -416.10 748.33 0.00 -326.80 992.51 0.00 0.00
1.07 0.00 0.00 0.00 0.00 0.00 0.00 0.00 0.00 0.00 -150.00 80.00 0.00 -75.43 503.48 0.00 -505.43 504.39 0.00 -415.99 748.52 0.00 -326.55 992.66 0.00 0.00
1.08 0.00 0.00 0.00 0.00 0.00 0.00 0.00 0.00 0.00 -150.00 80.00 0.00 -75.46 503.49 0.00 -505.46 504.67 0.00 -415.86 748.75 0.00 -326.26 992.82 0.00 0.00
1.09 0.00 0.00 0.00 0.00 0.00 0.00 0.00 0.00 0.00 -150.00 80.00 0.00 -75.50 503.50 0.00 -505.49 505.00 0.00 -415.72 749.00 0.00 -325.94 993.01 0.00 0.00
1.10 0.00 0.00 0.00 0.00 0.00 0.00 0.00 0.00 0.00 -150.00 80.00 0.00 -75.53 503.50 0.00 -505.53 505.35 0.00 -415.55 749.29 0.00 -325.58 993.22 0.00 0.00
1.11 0.00 0.00 0.00 0.00 0.00 0.00 0.00 0.00 0.00 -150.00 80.00 0.00 -75.58 503.51 0.00 -505.57 505.75 0.00 -415.38 749.60 0.00 -325.18 993.46 0.00 0.00
1.12 0.00 0.00 0.00 0.00 0.00 0.00 0.00 0.00 0.00 -150.00 80.00 0.00 -75.62 503.52 0.00 -505.61 506.18 0.00 -415.18 749.95 0.00 -324.74 993.71 0.00 0.00
1.13 0.00 0.00 0.00 0.00 0.00 0.00 0.00 0.00 0.00 -150.00 80.00 0.00 -75.67 503.53 0.00 -505.66 506.65 0.00 -414.96 750.32 0.00 -324.27 993.99 0.00 0.00
1.14 0.00 0.00 0.00 0.00 0.00 0.00 0.00 0.00 0.00 -150.00 80.00 0.00 -75.73 503.54 0.00 -505.71 507.16 0.00 -414.73 750.72 0.00 -323.75 994.29 0.00 0.00
1.15 0.00 0.00 0.00 0.00 0.00 0.00 0.00 0.00 0.00 -150.00 80.00 0.00 -75.79 503.55 0.00 -505.77 507.71 0.00 -414.48 751.15 0.00 -323.20 994.60 0.00 0.00
1.16 0.00 0.00 0.00 0.00 0.00 0.00 0.00 0.00 0.00 -150.00 80.00 0.00 -75.85 503.56 0.00 -505.82 508.29 0.00 -414.22 751.62 0.00 -322.61 994.94 0.00 0.00
1.17 0.00 0.00 0.00 0.00 0.00 0.00 0.00 0.00 0.00 -150.00 80.00 0.00 -75.92 503.57 0.00 -505.88 508.91 0.00 -413.93 752.11 0.00 -321.98 995.30 0.00 0.00
1.18 0.00 0.00 0.00 0.00 0.00 0.00 0.00 0.00 0.00 -150.00 80.00 0.00 -75.99 503.58 0.00 -505.94 509.56 0.00 -413.63 752.62 0.00 -321.32 995.68 0.00 0.00
1.19 0.00 0.00 0.00 0.00 0.00 0.00 0.00 0.00 0.00 -150.00 80.00 0.00 -76.06 503.60 0.00 -506.01 510.26 0.00 -413.31 753.17 0.00 -320.61 996.09 0.00 0.00
1.20 0.00 0.00 0.00 0.00 0.00 0.00 0.00 0.00 0.00 -150.00 80.00 0.00 -76.14 503.61 0.00 -506.08 510.99 0.00 -412.97 753.75 0.00 -319.87 996.51 0.00 0.00
1.21 0.00 0.00 0.00 0.00 0.00 0.00 0.00 0.00 0.00 -150.00 80.00 0.00 -76.22 503.62 0.00 -506.14 511.76 0.00 -412.62 754.35 0.00 -319.09 996.95 0.00 0.00
1.22 0.00 0.00 0.00 0.00 0.00 0.00 0.00 0.00 0.00 -150.00 80.00 0.00 -76.31 503.64 0.00 -506.22 512.56 0.00 -412.24 754.98 0.00 -318.27 997.41 0.00 0.00
1.23 0.00 0.00 0.00 0.00 0.00 0.00 0.00 0.00 0.00 -150.00 80.00 0.00 -76.40 503.65 0.00 -506.29 513.40 0.00 -411.85 755.65 0.00 -317.42 997.89 0.00 0.00
1.24 0.00 0.00 0.00 0.00 0.00 0.00 0.00 0.00 0.00 -150.00 80.00 0.00 -76.49 503.67 0.00 -506.36 514.28 0.00 -411.44 756.33 0.00 -316.52 998.39 0.00 0.00
1.25 0.00 0.00 0.00 0.00 0.00 0.00 0.00 0.00 0.00 -150.00 80.00 0.00 -76.59 503.69 0.00 -506.44 515.19 0.00 -411.01 757.05 0.00 -315.59 998.91 0.00 0.00
1.26 0.00 0.00 0.00 0.00 0.00 0.00 0.00 0.00 0.00 -150.00 80.00 0.00 -76.69 503.71 0.00 -506.51 516.14 0.00 -410.57 757.79 0.00 -314.62 999.44 0.00 0.00
1.27 0.00 0.00 0.00 0.00 0.00 0.00 0.00 0.00 0.00 -150.00 80.00 0.00 -76.80 503.72 0.00 -506.59 517.13 0.00 -410.10 758.56 0.00 -313.61 1000.00 0.00 0.00
1.28 0.00 0.00 0.00 0.00 0.00 0.00 0.00 0.00 0.00 -150.00 80.00 0.00 -76.91 503.74 0.00 -506.67 518.15 0.00 -409.62 759.36 0.00 -312.56 1000.57 0.00 0.00
1.29 0.00 0.00 0.00 0.00 0.00 0.00 0.00 0.00 0.00 -150.00 80.00 0.00 -77.02 503.76 0.00 -506.75 519.21 0.00 -409.11 760.19 0.00 -311.48 1001.16 0.00 0.00
1.30 0.00 0.00 0.00 0.00 0.00 0.00 0.00 0.00 0.00 -150.00 80.00 0.00 -77.14 503.78 0.00 -506.82 520.31 0.00 -408.59 761.04 0.00 -310.36 1001.76 0.00 0.00
1.31 0.00 0.00 0.00 0.00 0.00 0.00 0.00 0.00 0.00 -150.00 80.00 0.00 -77.26 503.80 0.00 -506.90 521.44 0.00 -408.05 761.91 0.00 -309.20 1002.39 0.00 0.00
1.32 0.00 0.00 0.00 0.00 0.00 0.00 0.00 0.00 0.00 -150.00 80.00 0.00 -77.39 503.82 0.00 -506.98 522.60 0.00 -407.49 762.82 0.00 -308.00 1003.03 0.00 0.00
1.33 0.00 0.00 0.00 0.00 0.00 0.00 0.00 0.00 0.00 -150.00 80.00 0.00 -77.52 503.85 0.00 -507.05 523.81 0.00 -406.91 763.75 0.00 -306.76 1003.68 0.00 0.00
1.34 0.00 0.00 0.00 0.00 0.00 0.00 0.00 0.00 0.00 -150.00 80.00 0.00 -77.65 503.87 0.00 -507.13 525.04 0.00 -406.31 764.70 0.00 -305.49 1004.36 0.00 0.00
1.35 0.00 0.00 0.00 0.00 0.00 0.00 0.00 0.00 0.00 -150.00 80.00 0.00 -77.79 503.89 0.00 -507.20 526.31 0.00 -405.69 765.68 0.00 -304.18 1005.04 0.00 0.00
1.36 0.00 0.00 0.00 0.00 0.00 0.00 0.00 0.00 0.00 -150.00 80.00 0.00 -77.93 503.92 0.00 -507.27 527.62 0.00 -405.05 766.68 0.00 -302.84 1005.75 0.00 0.00
1.37 0.00 0.00 0.00 0.00 0.00 0.00 0.00 0.00 0.00 -150.00 80.00 0.00 -78.07 503.94 0.00 -507.34 528.96 0.00 -404.40 767.71 0.00 -301.45 1006.46 0.00 0.00
1.38 0.00 0.00 0.00 0.00 0.00 0.00 0.00 0.00 0.00 -150.00 80.00 0.00 -78.22 503.97 0.00 -507.41 530.34 0.00 -403.72 768.77 0.00 -300.03 1007.20 0.00 0.00
1.39 0.00 0.00 0.00 0.00 0.00 0.00 0.00 0.00 0.00 -150.00 80.00 0.00 -78.37 503.99 0.00 -507.48 531.75 0.00 -403.02 769.85 0.00 -298.57 1007.94 0.00 0.00
1.40 0.00 0.00 0.00 0.00 0.00 0.00 0.00 0.00 0.00 -150.00 80.00 0.00 -78.53 504.02 0.00 -507.54 533.19 0.00 -402.31 770.95 0.00 -297.08 1008.70 0.00 0.00
1.41 0.00 0.00 0.00 0.00 0.00 0.00 0.00 0.00 0.00 -150.00 80.00 0.00 -78.69 504.05 0.00 -507.60 534.67 0.00 -401.57 772.07 0.00 -295.55 1009.47 0.00 0.00
1.42 0.00 0.00 0.00 0.00 0.00 0.00 0.00 0.00 0.00 -150.00 80.00 0.00 -78.85 504.07 0.00 -507.65 536.18 0.00 -400.82 773.22 0.00 -293.98 1010.26 0.00 0.00
1.43 0.00 0.00 0.00 0.00 0.00 0.00 0.00 0.00 0.00 -150.00 80.00 0.00 -79.02 504.10 0.00 -507.70 537.73 0.00 -400.04 774.39 0.00 -292.38 1011.06 0.00 0.00
1.44 0.00 0.00 0.00 0.00 0.00 0.00 0.00 0.00 0.00 -150.00 80.00 0.00 -79.19 504.13 0.00 -507.75 539.31 0.00 -399.25 775.59 0.00 -290.74 1011.87 0.00 0.00
1.45 0.00 0.00 0.00 0.00 0.00 0.00 0.00 0.00 0.00 -150.00 80.00 0.00 -79.36 504.16 0.00 -507.79 540.92 0.00 -398.43 776.81 0.00 -289.07 1012.69 0.00 0.00
1.46 0.00 0.00 0.00 0.00 0.00 0.00 0.00 0.00 0.00 -150.00 80.00 0.00 -79.54 504.19 0.00 -507.82 542.57 0.00 -397.59 778.04 0.00 -287.36 1013.52 0.00 0.00
1.47 0.00 0.00 0.00 0.00 0.00 0.00 0.00 0.00 0.00 -150.00 80.00 0.00 -79.72 504.22 0.00 -507.85 544.25 0.00 -396.74 779.31 0.00 -285.62 1014.37 0.00 0.00
1.48 0.00 0.00 0.00 0.00 0.00 0.00 0.00 0.00 0.00 -150.00 80.00 0.00 -79.91 504.25 0.00 -507.88 545.96 0.00 -395.86 780.59 0.00 -283.84 1015.22 0.00 0.00
1.49 0.00 0.00 0.00 0.00 0.00 0.00 0.00 0.00 0.00 -150.00 80.00 0.00 -80.10 504.28 0.00 -507.90 547.70 0.00 -394.96 781.89 0.00 -282.03 1016.08 0.00 0.00
1.50 0.00 0.00 0.00 0.00 0.00 0.00 0.00 0.00 0.00 -150.00 80.00 0.00 -80.29 504.31 0.00 -507.91 549.47 0.00 -394.05 783.22 0.00 -280.19 1016.96 0.00 0.00
1.51 0.00 0.00 0.00 0.00 0.00 0.00 0.00 0.00 0.00 -150.00 80.00 0.00 -80.48 504.34 0.00 -507.91 551.28 0.00 -393.11 784.56 0.00 -278.31 1017.84 0.00 0.00
1.52 0.00 0.00 0.00 0.00 0.00 0.00 0.00 0.00 0.00 -150.00 80.00 0.00 -80.68 504.38 0.00 -507.91 553.12 0.00 -392.15 785.93 0.00 -276.40 1018.74 0.00 0.00
1.53 0.00 0.00 0.00 0.00 0.00 0.00 0.00 0.00 0.00 -150.00 80.00 0.00 -80.88 504.41 0.00 -507.90 554.99 0.00 -391.18 787.31 0.00 -274.45 1019.64 0.00 0.00
1.54 0.00 0.00 0.00 0.00 0.00 0.00 0.00 0.00 0.00 -150.00 80.00 0.00 -81.09 504.44 0.00 -507.88 556.89 0.00 -390.18 788.72 0.00 -272.48 1020.55 0.00 0.00
1.55 0.00 0.00 0.00 0.00 0.00 0.00 0.00 0.00 0.00 -150.00 80.00 0.00 -81.30 504.48 0.00 -507.85 558.82 0.00 -389.16 790.14 0.00 -270.47 1021.47 0.00 0.00
1.56 0.00 0.00 0.00 0.00 0.00 0.00 0.00 0.00 0.00 -150.00 80.00 0.00 -81.51 504.51 0.00 -507.82 560.78 0.00 -388.13 791.59 0.00 -268.43 1022.40 0.00 0.00
1.57 0.00 0.00 0.00 0.00 0.00 0.00 0.00 0.00 0.00 -150.00 80.00 0.00 -81.73 504.55 0.00 -507.77 562.77 0.00 -387.07 793.05 0.00 -266.37 1023.33 0.00 0.00
1.58 0.00 0.00 0.00 0.00 0.00 0.00 0.00 0.00 0.00 -150.00 80.00 0.00 -81.95 504.58 0.00 -507.71 564.78 0.00 -385.99 794.53 0.00 -264.27 1024.28 0.00 0.00
1.59 0.00 0.00 0.00 0.00 0.00 0.00 0.00 0.00 0.00 -150.00 80.00 0.00 -82.17 504.62 0.00 -507.65 566.83 0.00 -384.89 796.03 0.00 -262.14 1025.23 0.00 0.00
1.60 0.00 0.00 0.00 0.00 0.00 0.00 0.00 0.00 0.00 -150.00 80.00 0.00 -82.40 504.65 0.00 -507.57 568.91 0.00 -383.78 797.55 0.00 -259.98 1026.18 0.00 0.00
1.61 0.00 0.00 0.00 0.00 0.00 0.00 0.00 0.00 0.00 -150.00 80.00 0.00 -82.63 504.69 0.00 -507.48 571.02 0.00 -382.64 799.08 0.00 -257.80 1027.15 0.00 0.00
1.62 0.00 0.00 0.00 0.00 0.00 0.00 0.00 0.00 0.00 -150.00 80.00 0.00 -82.86 504.73 0.00 -507.38 573.15 0.00 -381.48 800.63 0.00 -255.58 1028.12 0.00 0.00
1.63 0.00 0.00 0.00 0.00 0.00 0.00 0.00 0.00 0.00 -150.00 80.00 0.00 -83.10 504.76 0.00 -507.27 575.31 0.00 -380.31 802.20 0.00 -253.34 1029.10 0.00 0.00
1.64 0.00 0.00 0.00 0.00 0.00 0.00 0.00 0.00 0.00 -150.00 80.00 0.00 -83.34 504.80 0.00 -507.15 577.50 0.00 -379.11 803.79 0.00 -251.08 1030.08 0.00 0.00
1.65 0.00 0.00 0.00 0.00 0.00 0.00 0.00 0.00 0.00 -150.00 80.00 0.00 -83.58 504.84 0.00 -507.01 579.72 0.00 -377.90 805.39 0.00 -248.78 1031.07 0.00 0.00
1.66 0.00 0.00 0.00 0.00 0.00 0.00 0.00 0.00 0.00 -150.00 80.00 0.00 -83.83 504.88 0.00 -506.86 581.96 0.00 -376.66 807.01 0.00 -246.47 1032.07 0.00 0.00
1.67 0.00 0.00 0.00 0.00 0.00 0.00 0.00 0.00 0.00 -150.00 80.00 0.00 -84.08 504.92 0.00 -506.70 584.23 0.00 -375.41 808.65 0.00 -244.12 1033.07 0.00 0.00
1.68 0.00 0.00 0.00 0.00 0.00 0.00 0.00 0.00 0.00 -150.00 80.00 0.00 -84.33 504.96 0.00 -506.52 586.53 0.00 -374.14 810.30 0.00 -241.76 1034.08 0.00 0.00
1.69 0.00 0.00 0.00 0.00 0.00 0.00 0.00 0.00 0.00 -150.00 80.00 0.00 -84.58 504.99 0.00 -506.33 588.85 0.00 -372.85 811.97 0.00 -239.37 1035.09 0.00 0.00
1.70 0.00 0.00 0.00 0.00 0.00 0.00 0.00 0.00 0.00 -150.00 80.00 0.00 -84.84 505.03 0.00 -506.12 591.19 0.00 -371.54 813.65 0.00 -236.96 1036.11 0.00 0.00
1.71 0.00 0.00 0.00 0.00 0.00 0.00 0.00 0.00 0.00 -150.00 80.00 0.00 -85.10 505.07 0.00 -505.90 593.56 0.00 -370.21 815.35 0.00 -234.53 1037.14 0.00 0.00
1.72 0.00 0.00 0.00 0.00 0.00 0.00 0.00 0.00 0.00 -150.00 80.00 0.00 -85.37 505.11 0.00 -505.66 595.96 0.00 -368.87 817.06 0.00 -232.07 1038.17 0.00 0.00
1.73 0.00 0.00 0.00 0.00 0.00 0.00 0.00 0.00 0.00 -150.00 80.00 0.00 -85.63 505.16 0.00 -505.41 598.38 0.00 -367.50 818.79 0.00 -229.60 1039.21 0.00 0.00
1.74 0.00 0.00 0.00 0.00 0.00 0.00 0.00 0.00 0.00 -150.00 80.00 0.00 -85.90 505.20 0.00 -505.14 600.82 0.00 -366.12 820.53 0.00 -227.11 1040.25 0.00 0.00
1.75 0.00 0.00 0.00 0.00 0.00 0.00 0.00 0.00 0.00 -150.00 80.00 0.00 -86.18 505.24 0.00 -504.85 603.28 0.00 -364.73 822.29 0.00 -224.60 1041.30 0.00 0.00
1.76 0.00 0.00 0.00 0.00 0.00 0.00 0.00 0.00 0.00 -150.00 80.00 0.00 -86.45 505.28 0.00 -504.55 605.77 0.00 -363.31 824.07 0.00 -222.07 1042.36 0.00 0.00
1.77 0.00 0.00 0.00 0.00 0.00 0.00 0.00 0.00 0.00 -150.00 80.00 0.00 -86.73 505.32 0.00 -504.23 608.28 0.00 -361.88 825.85 0.00 -219.53 1043.42 0.00 0.00
1.78 0.00 0.00 0.00 0.00 0.00 0.00 0.00 0.00 0.00 -150.00 80.00 0.00 -87.02 505.36 0.00 -503.89 610.81 0.00 -360.43 827.65 0.00 -216.97 1044.49 0.00 0.00
1.79 0.00 0.00 0.00 0.00 0.00 0.00 0.00 0.00 0.00 -150.00 80.00 0.00 -87.30 505.40 0.00 -503.53 613.36 0.00 -358.96 829.47 0.00 -214.40 1045.57 0.00 0.00
1.80 0.00 0.00 0.00 0.00 0.00 0.00 0.00 0.00 0.00 -150.00 80.00 0.00 -87.59 505.45 0.00 -503.15 615.93 0.00 -357.48 831.30 0.00 -211.81 1046.66 0.00 0.00
1.81 0.00 0.00 0.00 0.00 0.00 0.00 0.00 0.00 0.00 -150.00 80.00 0.00 -87.88 505.49 0.00 -502.75 618.53 0.00 -355.98 833.14 0.00 -209.22 1047.75 0.00 0.00
1.82 0.00 0.00 0.00 0.00 0.00 0.00 0.00 0.00 0.00 -150.00 80.00 0.00 -88.17 505.53 0.00 -502.34 621.14 0.00 -354.47 835.00 0.00 -206.60 1048.85 0.00 0.00
1.83 0.00 0.00 0.00 0.00 0.00 0.00 0.00 0.00 0.00 -150.00 80.00 0.00 -88.47 505.57 0.00 -501.90 623.77 0.00 -352.94 836.87 0.00 -203.98 1049.97 0.00 0.00
1.84 0.00 0.00 0.00 0.00 0.00 0.00 0.00 0.00 0.00 -150.00 80.00 0.00 -88.77 505.62 0.00 -501.45 626.42 0.00 -351.40 838.75 0.00 -201.35 1051.09 0.00 0.00
1.85 0.00 0.00 0.00 0.00 0.00 0.00 0.00 0.00 0.00 -150.00 80.00 0.00 -89.07 505.66 0.00 -500.97 629.09 0.00 -349.84 840.65 0.00 -198.71 1052.21 0.00 0.00
1.86 0.00 0.00 0.00 0.00 0.00 0.00 0.00 0.00 0.00 -150.00 80.00 0.00 -89.37 505.70 0.00 -500.47 631.77 0.00 -348.27 842.56 0.00 -196.06 1053.35 0.00 0.00
1.87 0.00 0.00 0.00 0.00 0.00 0.00 0.00 0.00 0.00 -150.00 80.00 0.00 -89.68 505.75 0.00 -499.96 634.47 0.00 -346.68 844.49 0.00 -193.40 1054.50 0.00 0.00
1.88 0.00 0.00 0.00 0.00 0.00 0.00 0.00 0.00 0.00 -150.00 80.00 0.00 -89.98 505.79 0.00 -499.42 637.19 0.00 -345.08 846.43 0.00 -190.74 1055.66 0.00 0.00
1.89 0.00 0.00 0.00 0.00 0.00 0.00 0.00 0.00 0.00 -150.00 80.00 0.00 -90.30 505.83 0.00 -498.85 639.92 0.00 -343.46 848.38 0.00 -188.07 1056.84 0.00 0.00
1.90 0.00 0.00 0.00 0.00 0.00 0.00 0.00 0.00 0.00 -150.00 80.00 0.00 -90.61 505.88 0.00 -498.27 642.67 0.00 -341.84 850.35 0.00 -185.40 1058.02 0.00 0.00
1.91 0.00 0.00 0.00 0.00 0.00 0.00 0.00 0.00 0.00 -150.00 80.00 0.00 -90.93 505.92 0.00 -497.66 645.44 0.00 -340.19 852.33 0.00 -182.72 1059.22 0.00 0.00
1.92 0.00 0.00 0.00 0.00 0.00 0.00 0.00 0.00 0.00 -150.00 80.00 0.00 -91.24 505.97 0.00 -497.03 648.21 0.00 -338.54 854.32 0.00 -180.05 1060.43 0.00 0.00
1.93 0.00 0.00 0.00 0.00 0.00 0.00 0.00 0.00 0.00 -150.00 80.00 0.00 -91.56 506.01 0.00 -496.38 651.01 0.00 -336.87 856.33 0.00 -177.37 1061.65 0.00 0.00
1.94 0.00 0.00 0.00 0.00 0.00 0.00 0.00 0.00 0.00 -150.00 80.00 0.00 -91.89 506.06 0.00 -495.71 653.81 0.00 -335.20 858.35 0.00 -174.69 1062.89 0.00 0.00
1.95 0.00 0.00 0.00 0.00 0.00 0.00 0.00 0.00 0.00 -150.00 80.00 0.00 -92.21 506.10 0.00 -495.01 656.63 0.00 -333.51 860.39 0.00 -172.01 1064.15 0.00 0.00
1.96 0.00 0.00 0.00 0.00 0.00 0.00 0.00 0.00 0.00 -150.00 80.00 0.00 -92.54 506.14 0.00 -494.28 659.46 0.00 -331.80 862.44 0.00 -169.33 1065.42 0.00 0.00
1.97 0.00 0.00 0.00 0.00 0.00 0.00 0.00 0.00 0.00 -150.00 80.00 0.00 -92.87 506.19 0.00 -493.53 662.30 0.00 -330.09 864.50 0.00 -166.65 1066.70 0.00 0.00
1.98 0.00 0.00 0.00 0.00 0.00 0.00 0.00 0.00 0.00 -150.00 80.00 0.00 -93.20 506.23 0.00 -492.76 665.15 0.00 -328.37 866.58 0.00 -163.98 1068.01 0.00 0.00
1.99 0.00 0.00 0.00 0.00 0.00 0.00 0.00 0.00 0.00 -150.00 80.00 0.00 -93.54 506.28 0.00 -491.96 668.01 0.00 -326.64 868.67 0.00 -161.31 1069.34 0.00 0.00
2.00 0.00 0.00 0.00 0.00 0.00 0.00 0.00 0.00 0.00 -150.00 80.00 0.00 -93.87 506.32 0.00 -491.14 670.88 0.00 -324.89 870.78 0.00 -158.64 1070.68 0.00 0.00
2.01 0.00 0.00 0.00 0.00 0.00 0.00 0.00 0.00 0.00 -150.00 80.00 0.00 -94.21 506.37 0.00 -490.29 673.75 0.00 -323.14 872.90 0.00 -155.98 1072.04 0.00 0.00
2.02 0.00 0.00 0.00 0.00 0.00 0.00 0.00 0.00 0.00 -150.00 80.00 0.00 -94.55 506.41 0.00 -489.42 676.64 0.00 -321.38 875.04 0.00 -153.33 1073.43 0.00 0.00
2.03 0.00 0.00 0.00 0.00 0.00 0.00 0.00 0.00 0.00 -150.00 80.00 0.00 -94.90 506.45 0.00 -488.52 679.53 0.00 -319.61 877.19 0.00 -150.69 1074.84 0.00 0.00
2.04 0.00 0.00 0.00 0.00 0.00 0.00 0.00 0.00 0.00 -150.00 80.00 0.00 -95.24 506.50 0.00 -487.60 682.43 0.00 -317.82 879.35 0.00 -148.05 1076.27 0.00 0.00
2.05 0.00 0.00 0.00 0.00 0.00 0.00 0.00 0.00 0.00 -150.00 80.00 0.00 -95.59 506.54 0.00 -486.65 685.34 0.00 -316.04 881.53 0.00 -145.42 1077.72 0.00 0.00
2.06 0.00 0.00 0.00 0.00 0.00 0.00 0.00 0.00 0.00 -150.00 80.00 0.00 -95.93 506.59 0.00 -485.67 688.25 0.00 -314.24 883.73 0.00 -142.81 1079.20 0.00 0.00
2.07 0.00 0.00 0.00 0.00 0.00 0.00 0.00 0.00 0.00 -150.00 80.00 0.00 -96.28 506.63 0.00 -484.67 691.17 0.00 -312.44 885.94 0.00 -140.20 1080.71 0.00 0.00
2.08 0.00 0.00 0.00 0.00 0.00 0.00 0.00 0.00 0.00 -150.00 80.00 0.00 -96.64 506.68 0.00 -483.64 694.10 0.00 -310.62 888.17 0.00 -137.61 1082.24 0.00 0.00
2.09 0.00 0.00 0.00 0.00 0.00 0.00 0.00 0.00 0.00 -150.00 80.00 0.00 -96.99 506.72 0.00 -482.59 697.02 0.00 -308.81 890.41 0.00 -135.02 1083.80 0.00 0.00
2.10 0.00 0.00 0.00 0.00 0.00 0.00 0.00 0.00 0.00 -150.00 80.00 0.00 -97.35 506.76 0.00 -481.51 699.95 0.00 -306.98 892.67 0.00 -132.46 1085.39 0.00 0.00
2.11 0.00 0.00 0.00 0.00 0.00 0.00 0.00 0.00 0.00 -150.00 80.00 0.00 -97.70 506.81 0.00 -480.40 702.88 0.00 -305.15 894.94 0.00 -129.90 1087.01 0.00 0.00
2.12 0.00 0.00 0.00 0.00 0.00 0.00 0.00 0.00 0.00 -150.00 80.00 0.00 -98.06 506.85 0.00 -479.26 705.81 0.00 -303.31 897.23 0.00 -127.36 1088.65 0.00 0.00
2.13 0.00 0.00 0.00 0.00 0.00 0.00 0.00 0.00 0.00 -150.00 80.00 0.00 -98.42 506.90 0.00 -478.10 708.75 0.00 -301.47 899.54 0.00 -124.84 1090.33 0.00 0.00
2.14 0.00 0.00 0.00 0.00 0.00 0.00 0.00 0.00 0.00 -150.00 80.00 0.00 -98.78 506.94 0.00 -476.91 711.68 0.00 -299.62 901.86 0.00 -122.33 1092.04 0.00 0.00
2.15 0.00 0.00 0.00 0.00 0.00 0.00 0.00 0.00 0.00 -150.00 80.00 0.00 -99.15 506.98 0.00 -475.69 714.62 0.00 -297.77 904.20 0.00 -119.84 1093.79 0.00 0.00
2.16 0.00 0.00 0.00 0.00 0.00 0.00 0.00 0.00 0.00 -150.00 80.00 0.00 -99.51 507.03 0.00 -474.45 717.55 0.00 -295.91 906.56 0.00 -117.37 1095.57 0.00 0.00
2.17 0.00 0.00 0.00 0.00 0.00 0.00 0.00 0.00 0.00 -150.00 80.00 0.00 -99.88 507.07 0.00 -473.18 720.49 0.00 -294.05 908.93 0.00 -114.91 1097.38 0.00 0.00
2.18 0.00 0.00 0.00 0.00 0.00 0.00 0.00 0.00 0.00 -150.00 80.00 0.00 -100.25 507.11 0.00 -471.88 723.42 0.00 -292.18 911.32 0.00 -112.48 1099.22 0.00 0.00
2.19 0.00 0.00 0.00 0.00 0.00 0.00 0.00 0.00 0.00 -150.00 80.00 0.00 -100.62 507.15 0.00 -470.56 726.35 0.00 -290.31 913.73 0.00 -110.07 1101.11 0.00 0.00
2.20 0.00 0.00 0.00 0.00 0.00 0.00 0.00 0.00 0.00 -150.00 80.00 0.00 -100.99 507.20 0.00 -469.20 729.27 0.00 -288.44 916.15 0.00 -107.67 1103.03 0.00 0.00
2.21 0.00 0.00 0.00 0.00 0.00 0.00 0.00 0.00 0.00 -150.00 80.00 0.00 -101.36 507.24 0.00 -467.82 732.19 0.00 -286.56 918.59 0.00 -105.30 1104.99 0.00 0.00
2.22 0.00 0.00 0.00 0.00 0.00 0.00 0.00 0.00 0.00 -150.00 80.00 0.00 -101.73 507.28 0.00 -466.42 735.11 0.00 -284.68 921.05 0.00 -102.95 1106.98 0.00 0.00
2.23 0.00 0.00 0.00 0.00 0.00 0.00 0.00 0.00 0.00 -150.00 80.00 0.00 -102.11 507.32 0.00 -464.98 738.02 0.00 -282.80 923.52 0.00 -100.63 1109.02 0.00 0.00
2.24 0.00 0.00 0.00 0.00 0.00 0.00 0.00 0.00 0.00 -150.00 80.00 0.00 -102.48 507.37 0.00 -463.52 740.92 0.00 -280.92 926.01 0.00 -98.32 1111.10 0.00 0.00
2.25 0.00 0.00 0.00 0.00 0.00 0.00 0.00 0.00 0.00 -150.00 80.00 0.00 -102.86 507.41 0.00 -462.04 743.82 0.00 -279.04 928.52 0.00 -96.04 1113.21 0.00 0.00
2.26 0.00 0.00 0.00 0.00 0.00 0.00 0.00 0.00 0.00 -150.00 80.00 0.00 -103.24 507.45 0.00 -460.52 746.71 0.00 -277.16 931.04 0.00 -93.79 1115.37 0.00 0.00
2.27 0.00 0.00 0.00 0.00 0.00 0.00 0.00 0.00 0.00 -150.00 80.00 0.00 -103.61 507.49 0.00 -458.98 749.60 0.00 -275.27 933.58 0.00 -91.56 1117.57 0.00 0.00
2.28 0.00 0.00 0.00 0.00 0.00 0.00 0.00 0.00 0.00 -150.00 80.00 0.00 -103.99 507.53 0.00 -457.41 752.47 0.00 -273.39 936.14 0.00 -89.36 1119.81 0.00 0.00
2.29 0.00 0.00 0.00 0.00 0.00 0.00 0.00 0.00 0.00 -150.00 80.00 0.00 -104.38 507.57 0.00 -455.82 755.34 0.00 -271.50 938.71 0.00 -87.18 1122.09 0.00 0.00
2.30 0.00 0.00 0.00 0.00 0.00 0.00 0.00 0.00 0.00 -150.00 80.00 0.00 -104.76 507.61 0.00 -454.20 758.19 0.00 -269.62 941.31 0.00 -85.04 1124.42 0.00 0.00
2.31 0.00 0.00 0.00 0.00 0.00 0.00 0.00 0.00 0.00 -150.00 80.00 0.00 -105.14 507.65 0.00 -452.55 761.04 0.00 -267.73 943.91 0.00 -82.92 1126.79 0.00 0.00
2.32 0.00 0.00 0.00 0.00 0.00 0.00 0.00 0.00 0.00 -150.00 80.00 0.00 -105.52 507.69 0.00 -450.88 763.88 0.00 -265.85 946.54 0.00 -80.83 1129.20 0.00 0.00
2.33 0.00 0.00 0.00 0.00 0.00 0.00 0.00 0.00 0.00 -150.00 80.00 0.00 -105.91 507.73 0.00 -449.18 766.70 0.00 -263.97 949.18 0.00 -78.76 1131.66 0.00 0.00
2.34 0.00 0.00 0.00 0.00 0.00 0.00 0.00 0.00 0.00 -150.00 80.00 0.00 -106.29 507.77 0.00 -447.46 769.51 0.00 -262.09 951.83 0.00 -76.73 1134.16 0.00 0.00
2.35 0.00 0.00 0.00 0.00 0.00 0.00 0.00 0.00 0.00 -150.00 80.00 0.00 -106.68 507.81 0.00 -445.71 772.31 0.00 -260.22 954.51 0.00 -74.73 1136.70 0.00 0.00
2.36 0.00 0.00 0.00 0.00 0.00 0.00 0.00 0.00 0.00 -150.00 80.00 0.00 -107.07 507.85 0.00 -443.93 775.10 0.00 -258.35 957.20 0.00 -72.76 1139.29 0.00 0.00
2.37 0.00 0.00 0.00 0.00 0.00 0.00 0.00 0.00 0.00 -150.00 80.00 0.00 -107.45 507.89 0.00 -442.13 777.87 0.00 -256.48 959.90 0.00 -70.83 1141.92 0.00 0.00
2.38 0.00 0.00 0.00 0.00 0.00 0.00 0.00 0.00 0.00 -150.00 80.00 0.00 -107.84 507.93 0.00 -440.31 780.63 0.00 -254.62 962.62 0.00 -68.92 1144.60 0.00 0.00
2.39 0.00 0.00 0.00 0.00 0.00 0.00 0.00 0.00 0.00 -150.00 80.00 0.00 -108.23 507.97 0.00 -438.46 783.37 0.00 -252.76 965.35 0.00 -67.05 1147.33 0.00 0.00
2.40 0.00 0.00 0.00 0.00 0.00 0.00 0.00 0.00 0.00 -150.00 80.00 0.00 -108.62 508.00 0.00 -436.58 786.10 0.00 -250.90 968.10 0.00 -65.22 1150.09 0.00 0.00
2.41 0.00 0.00 0.00 0.00 0.00 0.00 0.00 0.00 0.00 -150.00 80.00 0.00 -109.01 508.04 0.00 -434.69 788.81 0.00 -249.05 970.86 0.00 -63.42 1152.90 0.00 0.00
2.42 0.00 0.00 0.00 0.00 0.00 0.00 0.00 0.00 0.00 -150.00 80.00 0.00 -109.40 508.08 0.00 -432.76 791.51 0.00 -247.21 973.63 0.00 -61.65 1155.76 0.00 0.00
2.43 0.00 0.00 0.00 0.00 0.00 0.00 0.00 0.00 0.00 -150.00 80.00 0.00 -109.79 508.12 0.00 -430.82 794.19 0.00 -245.37 976.42 0.00 -59.92 1158.65 0.00 0.00
2.44 0.00 0.00 0.00 0.00 0.00 0.00 0.00 0.00 0.00 -150.00 80.00 0.00 -110.18 508.15 0.00 -428.85 796.85 0.00 -243.54 979.22 0.00 -58.23 1161.60 0.00 0.00
2.45 0.00 0.00 0.00 0.00 0.00 0.00 0.00 0.00 0.00 -150.00 80.00 0.00 -110.57 508.19 0.00 -426.86 799.49 0.00 -241.72 982.04 0.00 -56.57 1164.58 0.00 0.00
2.46 0.00 0.00 0.00 0.00 0.00 0.00 0.00 0.00 0.00 -150.00 80.00 0.00 -110.96 508.22 0.00 -424.85 802.12 0.00 -239.90 984.86 0.00 -54.96 1167.60 0.00 0.00
2.47 0.00 0.00 0.00 0.00 0.00 0.00 0.00 0.00 0.00 -150.00 80.00 0.00 -111.35 508.26 0.00 -422.81 804.72 0.00 -238.10 987.70 0.00 -53.38 1170.67 0.00 0.00
2.48 0.00 0.00 0.00 0.00 0.00 0.00 0.00 0.00 0.00 -150.00 80.00 0.00 -111.74 508.29 0.00 -420.76 807.31 0.00 -236.30 990.54 0.00 -51.84 1173.78 0.00 0.00
2.49 0.00 0.00 0.00 0.00 0.00 0.00 0.00 0.00 0.00 -150.00 80.00 0.00 -112.13 508.33 0.00 -418.68 809.87 0.00 -234.51 993.40 0.00 -50.34 1176.93 0.00 0.00
2.50 0.00 0.00 0.00 0.00 0.00 0.00 0.00 0.00 0.00 -150.00 80.00 0.00 -112.52 508.36 0.00 -416.58 812.42 0.00 -232.73 996.27 0.00 -48.88 1180.12 0.00 0.00
2.51 0.00 0.00 0.00 0.00 0.00 0.00 0.00 0.00 0.00 -150.00 80.00 0.00 -112.91 508.40 0.00 -414.46 814.94 0.00 -230.96 999.14 0.00 -47.47 1183.34 0.00 0.00
2.52 0.00 0.00 0.00 0.00 0.00 0.00 0.00 0.00 0.00 -150.00 80.00 0.00 -113.31 508.43 0.00 -412.32 817.45 0.00 -229.21 1002.03 0.00 -46.09 1186.61 0.00 0.00
2.53 0.00 0.00 0.00 0.00 0.00 0.00 0.00 0.00 0.00 -150.00 80.00 0.00 -113.70 508.46 0.00 -410.16 819.93 0.00 -227.46 1004.92 0.00 -44.76 1189.91 0.00 0.00
2.54 0.00 0.00 0.00 0.00 0.00 0.00 0.00 0.00 0.00 -150.00 80.00 0.00 -114.09 508.50 0.00 -407.98 822.39 0.00 -225.73 1007.82 0.00 -43.47 1193.24 0.00 0.00
2.55 0.00 0.00 0.00 0.00 0.00 0.00 0.00 0.00 0.00 -150.00 80.00 0.00 -114.48 508.53 0.00 -405.78 824.82 0.00 -224.01 1010.72 0.00 -42.23 1196.61 0.00 0.00
2.56 0.00 0.00 0.00 0.00 0.00 0.00 0.00 0.00 0.00 -150.00 80.00 0.00 -114.87 508.56 0.00 -403.57 827.24 0.00 -222.30 1013.63 0.00 -41.03 1200.02 0.00 0.00
2.57 0.00 0.00 0.00 0.00 0.00 0.00 0.00 0.00 0.00 -150.00 80.00 0.00 -115.26 508.59 0.00 -401.33 829.63 0.00 -220.61 1016.54 0.00 -39.88 1203.46 0.00 0.00
2.58 0.00 0.00 0.00 0.00 0.00 0.00 0.00 0.00 0.00 -150.00 80.00 0.00 -115.65 508.63 0.00 -399.08 831.99 0.00 -218.93 1019.46 0.00 -38.77 1206.92 0.00 0.00
2.59 0.00 0.00 0.00 0.00 0.00 0.00 0.00 0.00 0.00 -150.00 80.00 0.00 -116.04 508.66 0.00 -396.81 834.34 0.00 -217.26 1022.38 0.00 -37.71 1210.42 0.00 0.00
2.60 0.00 0.00 0.00 0.00 0.00 0.00 0.00 0.00 0.00 -150.00 80.00 0.00 -116.43 508.69 0.00 -394.53 836.65 0.00 -215.61 1025.30 0.00 -36.69 1213.95 0.00 0.00
2.61 0.00 0.00 0.00 0.00 0.00 0.00 0.00 0.00 0.00 -150.00 80.00 0.00 -116.82 508.72 0.00 -392.23 838.95 0.00 -213.98 1028.22 0.00 -35.72 1217.50 0.00 0.00
2.62 0.00 0.00 0.00 0.00 0.00 0.00 0.00 0.00 0.00 -150.00 80.00 0.00 -117.21 508.75 0.00 -389.91 841.21 0.00 -212.36 1031.15 0.00 -34.81 1221.08 0.00 0.00
2.63 0.00 0.00 0.00 0.00 0.00 0.00 0.00 0.00 0.00 -150.00 80.00 0.00 -117.60 508.78 0.00 -387.58 843.46 0.00 -210.76 1034.07 0.00 -33.93 1224.68 0.00 0.00
2.64 0.00 0.00 0.00 0.00 0.00 0.00 0.00 0.00 0.00 -150.00 80.00 0.00 -117.99 508.81 0.00 -385.23 845.67 0.00 -209.17 1036.99 0.00 -33.11 1228.31 0.00 0.00
2.65 0.00 0.00 0.00 0.00 0.00 0.00 0.00 0.00 0.00 -150.00 80.00 0.00 -118.37 508.84 0.00 -382.87 847.86 0.00 -207.61 1039.91 0.00 -32.34 1231.96 0.00 0.00
2.66 0.00 0.00 0.00 0.00 0.00 0.00 0.00 0.00 0.00 -150.00 80.00 0.00 -118.76 508.86 0.00 -380.50 850.03 0.00 -206.06 1042.82 0.00 -31.62 1235.62 0.00 0.00
2.67 0.00 0.00 0.00 0.00 0.00 0.00 0.00 0.00 0.00 -150.00 80.00 0.00 -119.15 508.89 0.00 -378.11 852.16 0.00 -204.53 1045.73 0.00 -30.95 1239.30 0.00 0.00
2.68 0.00 0.00 0.00 0.00 0.00 0.00 0.00 0.00 0.00 -150.00 80.00 0.00 -119.53 508.92 0.00 -375.72 854.27 0.00 -203.02 1048.64 0.00 -30.33 1243.00 0.00 0.00
2.69 0.00 0.00 0.00 0.00 0.00 0.00 0.00 0.00 0.00 -150.00 80.00 0.00 -119.92 508.95 0.00 -373.30 856.36 0.00 -201.53 1051.54 0.00 -29.76 1246.72 0.00 0.00
2.70 0.00 0.00 0.00 0.00 0.00 0.00 0.00 0.00 0.00 -150.00 80.00 0.00 -120.30 508.97 0.00 -370.88 858.41 0.00 -200.06 1054.43 0.00 -29.25 1250.44 0.00 0.00
2.71 0.00 0.00 0.00 0.00 0.00 0.00 0.00 0.00 0.00 -150.00 80.00 0.00 -120.68 509.00 0.00 -368.45 860.44 0.00 -198.62 1057.31 0.00 -28.78 1254.18 0.00 0.00
2.72 0.00 0.00 0.00 0.00 0.00 0.00 0.00 0.00 0.00 -150.00 80.00 0.00 -121.07 509.03 0.00 -366.01 862.44 0.00 -197.19 1060.18 0.00 -28.37 1257.92 0.00 0.00
2.73 0.00 0.00 0.00 0.00 0.00 0.00 0.00 0.00 0.00 -150.00 80.00 0.00 -121.45 509.05 0.00 -363.55 864.42 0.00 -195.78 1063.04 0.00 -28.01 1261.67 0.00 0.00
2.74 0.00 0.00 0.00 0.00 0.00 0.00 0.00 0.00 0.00 -150.00 80.00 0.00 -121.83 509.08 0.00 -361.09 866.36 0.00 -194.40 1065.89 0.00 -27.70 1265.43 0.00 0.00
2.75 0.00 0.00 0.00 0.00 0.00 0.00 0.00 0.00 0.00 -150.00 80.00 0.00 -122.21 509.10 0.00 -358.62 868.28 0.00 -193.03 1068.73 0.00 -27.45 1269.18 0.00 0.00
2.76 0.00 0.00 0.00 0.00 0.00 0.00 0.00 0.00 0.00 -150.00 80.00 0.00 -122.59 509.13 0.00 -356.14 870.17 0.00 -191.69 1071.55 0.00 -27.24 1272.94 0.00 0.00
2.77 0.00 0.00 0.00 0.00 0.00 0.00 0.00 0.00 0.00 -150.00 80.00 0.00 -122.96 509.15 0.00 -353.66 872.03 0.00 -190.38 1074.36 0.00 -27.10 1276.70 0.00 0.00
2.78 0.00 0.00 0.00 0.00 0.00 0.00 0.00 0.00 0.00 -150.00 80.00 0.00 -123.34 509.17 0.00 -351.16 873.86 0.00 -189.08 1077.16 0.00 -27.00 1280.45 0.00 0.00
2.79 0.00 0.00 0.00 0.00 0.00 0.00 0.00 0.00 0.00 -150.00 80.00 0.00 -123.71 509.20 0.00 -348.66 875.66 0.00 -187.81 1079.93 0.00 -26.96 1284.20 0.00 0.00
2.80 0.00 0.00 0.00 0.00 0.00 0.00 0.00 0.00 0.00 -150.00 80.00 0.00 -124.09 509.22 0.00 -346.16 877.44 0.00 -186.56 1082.69 0.00 -26.97 1287.94 0.00 0.00
2.81 0.00 0.00 0.00 0.00 0.00 0.00 0.00 0.00 0.00 -150.00 80.00 0.00 -124.46 509.24 0.00 -343.65 879.18 0.00 -185.34 1085.43 0.00 -27.03 1291.68 0.00 0.00
2.82 0.00 0.00 0.00 0.00 0.00 0.00 0.00 0.00 0.00 -150.00 80.00 0.00 -124.83 509.26 0.00 -341.14 880.90 0.00 -184.14 1088.15 0.00 -27.15 1295.40 0.00 0.00
2.83 0.00 0.00 0.00 0.00 0.00 0.00 0.00 0.00 0.00 -150.00 80.00 0.00 -125.20 509.28 0.00 -338.62 882.58 0.00 -182.97 1090.85 0.00 -27.32 1299.11 0.00 0.00
2.84 0.00 0.00 0.00 0.00 0.00 0.00 0.00 0.00 0.00 -150.00 80.00 0.00 -125.57 509.31 0.00 -336.10 884.24 0.00 -181.82 1093.52 0.00 -27.54 1302.80 0.00 0.00
2.85 0.00 0.00 0.00 0.00 0.00 0.00 0.00 0.00 0.00 -150.00 80.00 0.00 -125.94 509.33 0.00 -333.57 885.87 0.00 -180.69 1096.17 0.00 -27.81 1306.48 0.00 0.00
2.86 0.00 0.00 0.00 0.00 0.00 0.00 0.00 0.00 0.00 -150.00 80.00 0.00 -126.30 509.35 0.00 -331.05 887.47 0.00 -179.59 1098.80 0.00 -28.13 1310.13 0.00 0.00
2.87 0.00 0.00 0.00 0.00 0.00 0.00 0.00 0.00 0.00 -150.00 80.00 0.00 -126.67 509.37 0.00 -328.52 889.04 0.00 -178.51 1101.41 0.00 -28.51 1313.77 0.00 0.00
2.88 0.00 0.00 0.00 0.00 0.00 0.00 0.00 0.00 0.00 -150.00 80.00 0.00 -127.03 509.39 0.00 -325.99 890.59 0.00 -177.46 1103.99 0.00 -28.93 1317.38 0.00 0.00
2.89 0.00 0.00 0.00 0.00 0.00 0.00 0.00 0.00 0.00 -150.00 80.00 0.00 -127.39 509.41 0.00 -323.46 892.10 0.00 -176.44 1106.54 0.00 -29.41 1320.97 0.00 0.00
2.90 0.00 0.00 0.00 0.00 0.00 0.00 0.00 0.00 0.00 -150.00 80.00 0.00 -127.75 509.42 0.00 -320.93 893.58 0.00 -175.43 1109.06 0.00 -29.94 1324.54 0.00 0.00
2.91 0.00 0.00 0.00 0.00 0.00 0.00 0.00 0.00 0.00 -150.00 80.00 0.00 -128.11 509.44 0.00 -318.41 895.04 0.00 -174.46 1111.56 0.00 -30.51 1328.07 0.00 0.00
2.92 0.00 0.00 0.00 0.00 0.00 0.00 0.00 0.00 0.00 -150.00 80.00 0.00 -128.46 509.46 0.00 -315.88 896.47 0.00 -173.51 1114.02 0.00 -31.13 1331.58 0.00 0.00
2.93 0.00 0.00 0.00 0.00 0.00 0.00 0.00 0.00 0.00 -150.00 80.00 0.00 -128.82 509.48 0.00 -313.36 897.87 0.00 -172.58 1116.46 0.00 -31.81 1335.05 0.00 0.00
2.94 0.00 0.00 0.00 0.00 0.00 0.00 0.00 0.00 0.00 -150.00 80.00 0.00 -129.17 509.50 0.00 -310.84 899.23 0.00 -171.68 1118.86 0.00 -32.52 1338.49 0.00 0.00
2.95 0.00 0.00 0.00 0.00 0.00 0.00 0.00 0.00 0.00 -150.00 80.00 0.00 -129.52 509.51 0.00 -308.32 900.58 0.00 -170.80 1121.23 0.00 -33.29 1341.89 0.00 0.00
2.96 0.00 0.00 0.00 0.00 0.00 0.00 0.00 0.00 0.00 -150.00 80.00 0.00 -129.87 509.53 0.00 -305.80 901.89 0.00 -169.95 1123.57 0.00 -34.10 1345.26 0.00 0.00
2.97 0.00 0.00 0.00 0.00 0.00 0.00 0.00 0.00 0.00 -150.00 80.00 0.00 -130.21 509.54 0.00 -303.29 903.17 0.00 -169.12 1125.88 0.00 -34.95 1348.59 0.00 0.00
2.98 0.00 0.00 0.00 0.00 0.00 0.00 0.00 0.00 0.00 -150.00 80.00 0.00 -130.56 509.56 0.00 -300.79 904.43 0.00 -168.32 1128.15 0.00 -35.85 1351.88 0.00 0.00
2.99 0.00 0.00 0.00 0.00 0.00 0.00 0.00 0.00 0.00 -150.00 80.00 0.00 -130.90 509.58 0.00 -298.29 905.66 0.00 -167.54 1130.39 0.00 -36.79 1355.12 0.00 0.00
3.00 0.00 0.00 0.00 0.00 0.00 0.00 0.00 0.00 0.00 -150.00 80.00 0.00 -131.24 509.59 0.00 -295.80 906.86 0.00 -166.79 1132.59 0.00 -37.77 1358.33 0.00 0.00
3.01 0.00 0.00 0.00 0.00 0.00 0.00 0.00 0.00 0.00 -150.00 80.00 0.00 -131.58 509.61 0.00 -293.31 908.03 0.00 -166.05 1134.76 0.00 -38.80 1361.49 0.00 0.00
3.02 0.00 0.00 0.00 0.00 0.00 0.00 0.00 0.00 0.00 -150.00 80.00 0.00 -131.92 509.62 0.00 -290.83 909.18 0.00 -165.35 1136.89 0.00 -39.86 1364.60 0.00 0.00
3.03 0.00 0.00 0.00 0.00 0.00 0.00 0.00 0.00 0.00 -150.00 80.00 0.00 -132.25 509.63 0.00 -288.36 910.30 0.00 -164.66 1138.98 0.00 -40.96 1367.67 0.00 0.00
3.04 0.00 0.00 0.00 0.00 0.00 0.00 0.00 0.00 0.00 -150.00 80.00 0.00 -132.59 509.65 0.00 -285.90 911.39 0.00 -164.00 1141.04 0.00 -42.10 1370.69 0.00 0.00
3.05 0.00 0.00 0.00 0.00 0.00 0.00 0.00 0.00 0.00 -150.00 80.00 0.00 -132.92 509.66 0.00 -283.44 912.45 0.00 -163.36 1143.06 0.00 -43.27 1373.67 0.00 0.00
3.06 0.00 0.00 0.00 0.00 0.00 0.00 0.00 0.00 0.00 -150.00 80.00 0.00 -133.25 509.67 0.00 -281.00 913.49 0.00 -162.74 1145.04 0.00 -44.48 1376.59 0.00 0.00
3.07 0.00 0.00 0.00 0.00 0.00 0.00 0.00 0.00 0.00 -150.00 80.00 0.00 -133.57 509.69 0.00 -278.57 914.50 0.00 -162.15 1146.98 0.00 -45.73 1379.46 0.00 0.00
3.08 0.00 0.00 0.00 0.00 0.00 0.00 0.00 0.00 0.00 -150.00 80.00 0.00 -133.89 509.70 0.00 -276.14 915.49 0.00 -161.57 1148.88 0.00 -47.00 1382.28 0.00 0.00
3.09 0.00 0.00 0.00 0.00 0.00 0.00 0.00 0.00 0.00 -150.00 80.00 0.00 -134.22 509.71 0.00 -273.73 916.45 0.00 -161.02 1150.75 0.00 -48.31 1385.05 0.00 0.00
3.10 0.00 0.00 0.00 0.00 0.00 0.00 0.00 0.00 0.00 -150.00 80.00 0.00 -134.54 509.72 0.00 -271.33 917.38 0.00 -160.49 1152.57 0.00 -49.64 1387.76 0.00 0.00
3.11 0.00 0.00 0.00 0.00 0.00 0.00 0.00 0.00 0.00 -150.00 80.00 0.00 -134.85 509.73 0.00 -268.94 918.29 0.00 -159.97 1154.36 0.00 -51.01 1390.42 0.00 0.00
3.12 0.00 0.00 0.00 0.00 0.00 0.00 0.00 0.00 0.00 -150.00 80.00 0.00 -135.17 509.74 0.00 -266.56 919.18 0.00 -159.48 1156.10 0.00 -52.40 1393.03 0.00 0.00
3.13 0.00 0.00 0.00 0.00 0.00 0.00 0.00 0.00 0.00 -150.00 80.00 0.00 -135.48 509.75 0.00 -264.20 920.03 0.00 -159.01 1157.81 0.00 -53.82 1395.58 0.00 0.00
3.14 0.00 0.00 0.00 0.00 0.00 0.00 0.00 0.00 0.00 -150.00 80.00 0.00 -135.79 509.77 0.00 -261.85 920.87 0.00 -158.56 1159.47 0.00 -55.26 1398.07 0.00 0.00
3.15 0.00 0.00 0.00 0.00 0.00 0.00 0.00 0.00 0.00 -150.00 80.00 0.00 -136.09 509.78 0.00 -259.52 921.68 0.00 -158.12 1161.09 0.00 -56.72 1400.51 0.00 0.00
3.16 0.00 0.00 0.00 0.00 0.00 0.00 0.00 0.00 0.00 -150.00 80.00 0.00 -136.40 509.78 0.00 -257.20 922.47 0.00 -157.70 1162.68 0.00 -58.21 1402.89 0.00 0.00
3.17 0.00 0.00 0.00 0.00 0.00 0.00 0.00 0.00 0.00 -150.00 80.00 0.00 -136.70 509.79 0.00 -254.89 923.23 0.00 -157.30 1164.22 0.00 -59.72 1405.21 0.00 0.00
3.18 0.00 0.00 0.00 0.00 0.00 0.00 0.00 0.00 0.00 -150.00 80.00 0.00 -137.00 509.80 0.00 -252.60 923.97 0.00 -156.92 1165.73 0.00 -61.24 1407.48 0.00 0.00
3.19 0.00 0.00 0.00 0.00 0.00 0.00 0.00 0.00 0.00 -150.00 80.00 0.00 -137.29 509.81 0.00 -250.33 924.69 0.00 -156.56 1167.19 0.00 -62.78 1409.69 0.00 0.00
3.20 0.00 0.00 0.00 0.00 0.00 0.00 0.00 0.00 0.00 -150.00 80.00 0.00 -137.59 509.82 0.00 -248.07 925.38 0.00 -156.21 1168.61 0.00 -64.34 1411.84 0.00 0.00
3.21 0.00 0.00 0.00 0.00 0.00 0.00 0.00 0.00 0.00 -150.00 80.00 0.00 -137.88 509.83 0.00 -245.83 926.06 0.00 -155.87 1170.00 0.00 -65.91 1413.94 0.00 0.00
3.22 0.00 0.00 0.00 0.00 0.00 0.00 0.00 0.00 0.00 -150.00 80.00 0.00 -138.16 509.84 0.00 -243.61 926.71 0.00 -155.56 1171.34 0.00 -67.50 1415.98 0.00 0.00
3.23 0.00 0.00 0.00 0.00 0.00 0.00 0.00 0.00 0.00 -150.00 80.00 0.00 -138.45 509.84 0.00 -241.41 927.34 0.00 -155.25 1172.65 0.00 -69.10 1417.96 0.00 0.00
3.24 0.00 0.00 0.00 0.00 0.00 0.00 0.00 0.00 0.00 -150.00 80.00 0.00 -138.73 509.85 0.00 -239.22 927.94 0.00 -154.96 1173.91 0.00 -70.70 1419.88 0.00 0.00
3.25 0.00 0.00 0.00 0.00 0.00 0.00 0.00 0.00 0.00 -150.00 80.00 0.00 -139.01 509.86 0.00 -237.06 928.53 0.00 -154.69 1175.14 0.00 -72.32 1421.75 0.00 0.00
3.26 0.00 0.00 0.00 0.00 0.00 0.00 0.00 0.00 0.00 -150.00 80.00 0.00 -139.29 509.87 0.00 -234.91 929.10 0.00 -154.43 1176.33 0.00 -73.94 1423.56 0.00 0.00
3.27 0.00 0.00 0.00 0.00 0.00 0.00 0.00 0.00 0.00 -150.00 80.00 0.00 -139.56 509.87 0.00 -232.78 929.65 0.00 -154.18 1177.48 0.00 -75.57 1425.31 0.00 0.00
3.28 0.00 0.00 0.00 0.00 0.00 0.00 0.00 0.00 0.00 -150.00 80.00 0.00 -139.83 509.88 0.00 -230.67 930.17 0.00 -153.94 1178.59 0.00 -77.21 1427.01 0.00 0.00
3.29 0.00 0.00 0.00 0.00 0.00 0.00 0.00 0.00 0.00 -150.00 80.00 0.00 -140.10 509.89 0.00 -228.59 930.68 0.00 -153.72 1179.67 0.00 -78.85 1428.66 0.00 0.00
3.30 0.00 0.00 0.00 0.00 0.00 0.00 0.00 0.00 0.00 -150.00 80.00 0.00 -140.36 509.89 0.00 -226.52 931.17 0.00 -153.50 1180.71 0.00 -80.49 1430.25 0.00 0.00
3.31 0.00 0.00 0.00 0.00 0.00 0.00 0.00 0.00 0.00 -150.00 80.00 0.00 -140.62 509.90 0.00 -224.48 931.64 0.00 -153.30 1181.71 0.00 -82.13 1431.78 0.00 0.00
3.32 0.00 0.00 0.00 0.00 0.00 0.00 0.00 0.00 0.00 -150.00 80.00 0.00 -140.88 509.90 0.00 -222.45 932.10 0.00 -153.11 1182.68 0.00 -83.77 1433.26 0.00 0.00
3.33 0.00 0.00 0.00 0.00 0.00 0.00 0.00 0.00 0.00 -150.00 80.00 0.00 -141.14 509.91 0.00 -220.45 932.53 0.00 -152.93 1183.61 0.00 -85.41 1434.69 0.00 0.00
3.34 0.00 0.00 0.00 0.00 0.00 0.00 0.00 0.00 0.00 -150.00 80.00 0.00 -141.39 509.91 0.00 -218.47 932.95 0.00 -152.76 1184.51 0.00 -87.04 1436.07 0.00 0.00
3.35 0.00 0.00 0.00 0.00 0.00 0.00 0.00 0.00 0.00 -150.00 80.00 0.00 -141.64 509.92 0.00 -216.52 933.35 0.00 -152.60 1185.37 0.00 -88.68 1437.39 0.00 0.00
3.36 0.00 0.00 0.00 0.00 0.00 0.00 0.00 0.00 0.00 -150.00 80.00 0.00 -141.88 509.92 0.00 -214.58 933.73 0.00 -152.44 1186.20 0.00 -90.30 1438.66 0.00 0.00
3.37 0.00 0.00 0.00 0.00 0.00 0.00 0.00 0.00 0.00 -150.00 80.00 0.00 -142.13 509.93 0.00 -212.67 934.10 0.00 -152.30 1186.99 0.00 -91.92 1439.89 0.00 0.00
3.38 0.00 0.00 0.00 0.00 0.00 0.00 0.00 0.00 0.00 -150.00 80.00 0.00 -142.37 509.93 0.00 -210.79 934.45 0.00 -152.16 1187.76 0.00 -93.54 1441.06 0.00 0.00
3.39 0.00 0.00 0.00 0.00 0.00 0.00 0.00 0.00 0.00 -150.00 80.00 0.00 -142.60 509.94 0.00 -208.93 934.79 0.00 -152.03 1188.49 0.00 -95.14 1442.19 0.00 0.00
3.40 0.00 0.00 0.00 0.00 0.00 0.00 0.00 0.00 0.00 -150.00 80.00 0.00 -142.83 509.94 0.00 -207.09 935.11 0.00 -151.91 1189.19 0.00 -96.73 1443.27 0.00 0.00
3.41 0.00 0.00 0.00 0.00 0.00 0.00 0.00 0.00 0.00 -150.00 80.00 0.00 -143.06 509.94 0.00 -205.28 935.42 0.00 -151.80 1189.86 0.00 -98.32 1444.30 0.00 0.00
3.42 0.00 0.00 0.00 0.00 0.00 0.00 0.00 0.00 0.00 -150.00 80.00 0.00 -143.29 509.95 0.00 -203.49 935.71 0.00 -151.69 1190.50 0.00 -99.89 1445.29 0.00 0.00
3.43 0.00 0.00 0.00 0.00 0.00 0.00 0.00 0.00 0.00 -150.00 80.00 0.00 -143.51 509.95 0.00 -201.73 935.99 0.00 -151.59 1191.11 0.00 -101.45 1446.23 0.00 0.00
3.44 0.00 0.00 0.00 0.00 0.00 0.00 0.00 0.00 0.00 -150.00 80.00 0.00 -143.73 509.95 0.00 -199.99 936.26 0.00 -151.49 1191.69 0.00 -102.99 1447.13 0.00 0.00
3.45 0.00 0.00 0.00 0.00 0.00 0.00 0.00 0.00 0.00 -150.00 80.00 0.00 -143.95 509.96 0.00 -198.29 936.51 0.00 -151.40 1192.25 0.00 -104.52 1447.99 0.00 0.00
3.46 0.00 0.00 0.00 0.00 0.00 0.00 0.00 0.00 0.00 -150.00 80.00 0.00 -144.16 509.96 0.00 -196.60 936.75 0.00 -151.32 1192.78 0.00 -106.03 1448.80 0.00 0.00
3.47 0.00 0.00 0.00 0.00 0.00 0.00 0.00 0.00 0.00 -150.00 80.00 0.00 -144.37 509.96 0.00 -194.94 936.98 0.00 -151.24 1193.28 0.00 -107.53 1449.58 0.00 0.00
3.48 0.00 0.00 0.00 0.00 0.00 0.00 0.00 0.00 0.00 -150.00 80.00 0.00 -144.57 509.97 0.00 -193.31 937.19 0.00 -151.16 1193.75 0.00 -109.01 1450.32 0.00 0.00
3.49 0.00 0.00 0.00 0.00 0.00 0.00 0.00 0.00 0.00 -150.00 80.00 0.00 -144.77 509.97 0.00 -191.71 937.40 0.00 -151.09 1194.21 0.00 -110.47 1451.01 0.00 0.00
3.50 0.00 0.00 0.00 0.00 0.00 0.00 0.00 0.00 0.00 -150.00 80.00 0.00 -144.97 509.97 0.00 -190.14 937.59 0.00 -151.03 1194.63 0.00 -111.92 1451.68 0.00 0.00
3.51 0.00 0.00 0.00 0.00 0.00 0.00 0.00 0.00 0.00 -150.00 80.00 0.00 -145.17 509.97 0.00 -188.59 937.78 0.00 -150.96 1195.04 0.00 -113.34 1452.30 0.00 0.00
3.52 0.00 0.00 0.00 0.00 0.00 0.00 0.00 0.00 0.00 -150.00 80.00 0.00 -145.36 509.97 0.00 -187.07 937.95 0.00 -150.91 1195.42 0.00 -114.75 1452.89 0.00 0.00
3.53 0.00 0.00 0.00 0.00 0.00 0.00 0.00 0.00 0.00 -150.00 80.00 0.00 -145.55 509.98 0.00 -185.57 938.11 0.00 -150.85 1195.78 0.00 -116.13 1453.45 0.00 0.00
3.54 0.00 0.00 0.00 0.00 0.00 0.00 0.00 0.00 0.00 -150.00 80.00 0.00 -145.73 509.98 0.00 -184.11 938.26 0.00 -150.80 1196.12 0.00 -117.49 1453.98 0.00 0.00
3.55 0.00 0.00 0.00 0.00 0.00 0.00 0.00 0.00 0.00 -150.00 80.00 0.00 -145.91 509.98 0.00 -182.67 938.41 0.00 -150.75 1196.44 0.00 -118.83 1454.47 0.00 0.00
3.56 0.00 0.00 0.00 0.00 0.00 0.00 0.00 0.00 0.00 -150.00 80.00 0.00 -146.09 509.98 0.00 -181.27 938.54 0.00 -150.70 1196.74 0.00 -120.14 1454.94 0.00 0.00
3.57 0.00 0.00 0.00 0.00 0.00 0.00 0.00 0.00 0.00 -150.00 80.00 0.00 -146.26 509.98 0.00 -179.89 938.67 0.00 -150.66 1197.02 0.00 -121.43 1455.37 0.00 0.00
3.58 0.00 0.00 0.00 0.00 0.00 0.00 0.00 0.00 0.00 -150.00 80.00 0.00 -146.43 509.99 0.00 -178.54 938.78 0.00 -150.62 1197.28 0.00 -122.70 1455.78 0.00 0.00
3.59 0.00 0.00 0.00 0.00 0.00 0.00 0.00 0.00 0.00 -150.00 80.00 0.00 -146.59 509.99 0.00 -177.22 938.89 0.00 -150.58 1197.53 0.00 -123.94 1456.16 0.00 0.00
3.60 0.00 0.00 0.00 0.00 0.00 0.00 0.00 0.00 0.00 -150.00 80.00 0.00 -146.76 509.99 0.00 -175.93 939.00 0.00 -150.55 1197.75 0.00 -125.16 1456.51 0.00 0.00
3.61 0.00 0.00 0.00 0.00 0.00 0.00 0.00 0.00 0.00 -150.00 80.00 0.00 -146.91 509.99 0.00 -174.67 939.09 0.00 -150.51 1197.97 0.00 -126.35 1456.84 0.00 0.00
3.62 0.00 0.00 0.00 0.00 0.00 0.00 0.00 0.00 0.00 -150.00 80.00 0.00 -147.07 509.99 0.00 -173.44 939.18 0.00 -150.48 1198.16 0.00 -127.52 1457.15 0.00 0.00
3.63 0.00 0.00 0.00 0.00 0.00 0.00 0.00 0.00 0.00 -150.00 80.00 0.00 -147.22 509.99 0.00 -172.24 939.26 0.00 -150.45 1198.35 0.00 -128.66 1457.43 0.00 0.00
3.64 0.00 0.00 0.00 0.00 0.00 0.00 0.00 0.00 0.00 -150.00 80.00 0.00 -147.36 509.99 0.00 -171.07 939.34 0.00 -150.42 1198.52 0.00 -129.77 1457.70 0.00 0.00
3.65 0.00 0.00 0.00 0.00 0.00 0.00 0.00 0.00 0.00 -150.00 80.00 0.00 -147.51 509.99 0.00 -169.93 939.41 0.00 -150.39 1198.67 0.00 -130.86 1457.94 0.00 0.00
3.66 0.00 0.00 0.00 0.00 0.00 0.00 0.00 0.00 0.00 -150.00 80.00 0.00 -147.65 509.99 0.00 -168.82 939.47 0.00 -150.37 1198.82 0.00 -131.91 1458.16 0.00 0.00
3.67 0.00 0.00 0.00 0.00 0.00 0.00 0.00 0.00 0.00 -150.00 80.00 0.00 -147.78 509.99 0.00 -167.74 939.53 0.00 -150.34 1198.95 0.00 -132.94 1458.37 0.00 0.00
3.68 0.00 0.00 0.00 0.00 0.00 0.00 0.00 0.00 0.00 -150.00 80.00 0.00 -147.91 509.99 0.00 -166.69 939.58 0.00 -150.32 1199.07 0.00 -133.95 1458.55 0.00 0.00
3.69 0.00 0.00 0.00 0.00 0.00 0.00 0.00 0.00 0.00 -150.00 80.00 0.00 -148.04 510.00 0.00 -165.67 939.63 0.00 -150.30 1199.18 0.00 -134.92 1458.72 0.00 0.00
3.70 0.00 0.00 0.00 0.00 0.00 0.00 0.00 0.00 0.00 -150.00 80.00 0.00 -148.16 510.00 0.00 -164.69 939.68 0.00 -150.28 1199.28 0.00 -135.86 1458.88 0.00 0.00
3.71 0.00 0.00 0.00 0.00 0.00 0.00 0.00 0.00 0.00 -150.00 80.00 0.00 -148.28 510.00 0.00 -163.73 939.72 0.00 -150.26 1199.37 0.00 -136.78 1459.02 0.00 0.00
3.72 0.00 0.00 0.00 0.00 0.00 0.00 0.00 0.00 0.00 -150.00 80.00 0.00 -148.40 510.00 0.00 -162.81 939.76 0.00 -150.24 1199.45 0.00 -137.67 1459.15 0.00 0.00
3.73 0.00 0.00 0.00 0.00 0.00 0.00 0.00 0.00 0.00 -150.00 80.00 0.00 -148.51 510.00 0.00 -161.92 939.79 0.00 -150.22 1199.53 0.00 -138.52 1459.26 0.00 0.00
3.74 0.00 0.00 0.00 0.00 0.00 0.00 0.00 0.00 0.00 -150.00 80.00 0.00 -148.62 510.00 0.00 -161.06 939.82 0.00 -150.20 1199.59 0.00 -139.35 1459.36 0.00 0.00
3.75 0.00 0.00 0.00 0.00 0.00 0.00 0.00 0.00 0.00 -150.00 80.00 0.00 -148.72 510.00 0.00 -160.23 939.84 0.00 -150.19 1199.65 0.00 -140.15 1459.46 0.00 0.00
3.76 0.00 0.00 0.00 0.00 0.00 0.00 0.00 0.00 0.00 -150.00 80.00 0.00 -148.82 510.00 0.00 -159.43 939.87 0.00 -150.17 1199.70 0.00 -140.91 1459.54 0.00 0.00
3.77 0.00 0.00 0.00 0.00 0.00 0.00 0.00 0.00 0.00 -150.00 80.00 0.00 -148.92 510.00 0.00 -158.66 939.89 0.00 -150.16 1199.75 0.00 -141.65 1459.61 0.00 0.00
3.78 0.00 0.00 0.00 0.00 0.00 0.00 0.00 0.00 0.00 -150.00 80.00 0.00 -149.01 510.00 0.00 -157.93 939.91 0.00 -150.14 1199.79 0.00 -142.36 1459.67 0.00 0.00
3.79 0.00 0.00 0.00 0.00 0.00 0.00 0.00 0.00 0.00 -150.00 80.00 0.00 -149.10 510.00 0.00 -157.23 939.92 0.00 -150.13 1199.83 0.00 -143.03 1459.73 0.00 0.00
3.80 0.00 0.00 0.00 0.00 0.00 0.00 0.00 0.00 0.00 -150.00 80.00 0.00 -149.18 510.00 0.00 -156.56 939.94 0.00 -150.12 1199.86 0.00 -143.68 1459.78 0.00 0.00
3.81 0.00 0.00 0.00 0.00 0.00 0.00 0.00 0.00 0.00 -150.00 80.00 0.00 -149.26 510.00 0.00 -155.92 939.95 0.00 -150.11 1199.88 0.00 -144.29 1459.82 0.00 0.00
3.82 0.00 0.00 0.00 0.00 0.00 0.00 0.00 0.00 0.00 -150.00 80.00 0.00 -149.34 510.00 0.00 -155.32 939.96 0.00 -150.10 1199.91 0.00 -144.87 1459.85 0.00 0.00
3.83 0.00 0.00 0.00 0.00 0.00 0.00 0.00 0.00 0.00 -150.00 80.00 0.00 -149.41 510.00 0.00 -154.74 939.97 0.00 -150.08 1199.92 0.00 -145.43 1459.88 0.00 0.00
3.84 0.00 0.00 0.00 0.00 0.00 0.00 0.00 0.00 0.00 -150.00 80.00 0.00 -149.47 510.00 0.00 -154.20 939.97 0.00 -150.08 1199.94 0.00 -145.95 1459.91 0.00 0.00
3.85 0.00 0.00 0.00 0.00 0.00 0.00 0.00 0.00 0.00 -150.00 80.00 0.00 -149.54 510.00 0.00 -153.70 939.98 0.00 -150.07 1199.95 0.00 -146.44 1459.93 0.00 0.00
3.86 0.00 0.00 0.00 0.00 0.00 0.00 0.00 0.00 0.00 -150.00 80.00 0.00 -149.60 510.00 0.00 -153.22 939.98 0.00 -150.06 1199.97 0.00 -146.89 1459.95 0.00 0.00
3.87 0.00 0.00 0.00 0.00 0.00 0.00 0.00 0.00 0.00 -150.00 80.00 0.00 -149.65 510.00 0.00 -152.78 939.99 0.00 -150.05 1199.97 0.00 -147.32 1459.96 0.00 0.00
3.88 0.00 0.00 0.00 0.00 0.00 0.00 0.00 0.00 0.00 -150.00 80.00 0.00 -149.70 510.00 0.00 -152.37 939.99 0.00 -150.04 1199.98 0.00 -147.72 1459.97 0.00 0.00
3.89 0.00 0.00 0.00 0.00 0.00 0.00 0.00 0.00 0.00 -150.00 80.00 0.00 -149.75 510.00 0.00 -151.99 939.99 0.00 -150.04 1199.99 0.00 -148.08 1459.98 0.00 0.00
3.90 0.00 0.00 0.00 0.00 0.00 0.00 0.00 0.00 0.00 -150.00 80.00 0.00 -149.79 510.00 0.00 -151.64 940.00 0.00 -150.03 1199.99 0.00 -148.41 1459.99 0.00 0.00
3.91 0.00 0.00 0.00 0.00 0.00 0.00 0.00 0.00 0.00 -150.00 80.00 0.00 -149.83 510.00 0.00 -151.33 940.00 0.00 -150.02 1199.99 0.00 -148.72 1459.99 0.00 0.00
3.92 0.00 0.00 0.00 0.00 0.00 0.00 0.00 0.00 0.00 -150.00 80.00 0.00 -149.87 510.00 0.00 -151.05 940.00 0.00 -150.02 1200.00 0.00 -148.98 1459.99 0.00 0.00
3.93 0.00 0.00 0.00 0.00 0.00 0.00 0.00 0.00 0.00 -150.00 80.00 0.00 -149.90 510.00 0.00 -150.81 940.00 0.00 -150.01 1200.00 0.00 -149.22 1460.00 0.00 0.00
3.94 0.00 0.00 0.00 0.00 0.00 0.00 0.00 0.00 0.00 -150.00 80.00 0.00 -149.93 510.00 0.00 -150.59 940.00 0.00 -150.01 1200.00 0.00 -149.43 1460.00 0.00 0.00
3.95 0.00 0.00 0.00 0.00 0.00 0.00 0.00 0.00 0.00 -150.00 80.00 0.00 -149.95 510.00 0.00 -150.41 940.00 0.00 -150.01 1200.00 0.00 -149.60 1460.00 0.00 0.00
3.96 0.00 0.00 0.00 0.00 0.00 0.00 0.00 0.00 0.00 -150.00 80.00 0.00 -149.97 510.00 0.00 -150.26 940.00 0.00 -150.00 1200.00 0.00 -149.75 1460.00 0.00 0.00
3.97 0.00 0.00 0.00 0.00 0.00 0.00 0.00 0.00 0.00 -150.00 80.00 0.00 -149.98 510.00 0.00 -150.15 940.00 0.00 -150.00 1200.00 0.00 -149.86 1460.00 0.00 0.00
3.98 0.00 0.00 0.00 0.00 0.00 0.00 0.00 0.00 0.00 -150.00 80.00 0.00 -149.99 510.00 0.00 -150.07 940.00 0.00 -150.00 1200.00 0.00 -149.94 1460.00 0.00 0.00
3.99 0.00 0.00 0.00 0.00 0.00 0.00 0.00 0.00 0.00 -150.00 80.00 0.00 -150.00 510.00 0.00 -150.02 940.00 0.00 -150.00 1200.00 0.00 -149.98 1460.00 0.00 0.00
4.00 0.00 0.00 0.00 0.00 0.00 0.00 0.00 0.00 0.00 -150.00 80.00 0.00 -150.00 510.00 0.00 -150.00 940.00 0.00 -150.00 1200.00 0.00 -150.00 1460.00 0.00 0.00
4.01 0.00 0.00 0.00 0.00 0.00 0.00 0.00 0.00 0.00 -150.00 80.00 0.00 -150.00 510.00 0.00 -150.00 940.00 0.00 -150.00 1200.00 0.00 -150.00 1460.00 0.00 0.00
4.02 0.00 0.00 0.00 0.00 0.00 0.00 0.00 0.00 0.00 -150.00 80.00 0.00 -150.00 510.00 0.00 -150.00 940.00 0.00 -150.00 1200.00 0.00 -150.00 1460.00 0.00 0.00
4.03 0.00 0.00 0.00 0.00 0.00 0.00 0.00 0.00 0.00 -150.00 80.00 0.00 -150.00 510.00 0.00 -150.00 940.00 0.00 -150.00 1200.00 0.00 -150.00 1460.00 0.00 0.00
4.04 0.00 0.00 0.00 0.00 0.00 0.00 0.00 0.00 0.00 -150.00 80.00 0.00 -150.00 510.00 0.00 -150.00 940.00 0.00 -150.00 1200.00 0.00 -150.00 1460.00 0.00 0.00
4.05 0.00 0.00 0.00 0.00 0.00 0.00 0.00 0.00 0.00 -150.00 80.00 0.00 -150.00 510.00 0.00 -150.00 940.00 0.00 -150.00 1200.00 0.00 -150.00 1460.00 0.00 0.00
4.06 0.00 0.00 0.00 0.00 0.00 0.00 0.00 0.00 0.00 -150.00 80.00 0.00 -150.00 510.00 0.00 -150.00 940.00 0.00 -150.00 1200.00 0.00 -150.00 1460.00 0.00 0.00
4.07 0.00 0.00 0.00 0.00 0.00 0.00 0.00 0.00 0.00 -150.00 80.00 0.00 -150.00 510.00 0.00 -150.00 940.00 0.00 -150.00 1200.00 0.00 -150.00 1460.00 0.00 0.00
4.08 0.00 0.00 0.00 0.00 0.00 0.00 0.00 0.00 0.00 -150.00 80.00 0.00 -150.00 510.00 0.00 -150.00 940.00 0.00 -150.00 1200.00 0.00 -150.00 1460.00 0.00 0.00
4.09 0.00 0.00 0.00 0.00 0.00 0.00 0.00 0.00 0.00 -150.00 80.00 0.00 -150.00 510.00 0.00 -150.00 940.00 0.00 -150.00 1200.00 0.00 -150.00 1460.00 0.00 0.00
4.10 0.00 0.00 0.00 0.00 0.00 0.00 0.00 0.00 0.00 -150.00 80.00 0.00 -150.00 510.00 0.00 -150.00 940.00 0.00 -150.00 1200.00 0.00 -150.00 1460.00 0.00 0.00
4.11 0.00 0.00 0.00 0.00 0.00 0.00 0.00 0.00 0.00 -150.00 80.00 0.00 -150.00 510.00 0.00 -150.00 940.00 0.00 -150.00 1200.00 0.00 -150.00 1460.00 0.00 0.00
4.12 0.00 0.00 0.00 0.00 0.00 0.00 0.00 0.00 0.00 -150.00 80.00 0.00 -150.00 510.00 0.00 -150.00 940.00 0.00 -150.00 1200.00 0.00 -150.00 1460.00 0.00 0.00
4.13 0.00 0.00 0.00 0.00 0.00 0.00 0.00 0.00 0.00 -150.00 80.00 0.00 -150.00 510.00 0.00 -150.00 940.00 0.00 -150.00 1200.00 0.00 -150.00 1460.00 0.00 0.00
4.14 0.00 0.00 0.00 0.00 0.00 0.00 0.00 0.00 0.00 -150.00 80.00 0.00 -150.00 510.00 0.00 -150.00 940.00 0.00 -150.00 1200.00 0.00 -150.00 1460.00 0.00 0.00
4.15 0.00 0.00 0.00 0.00 0.00 0.00 0.00 0.00 0.00 -150.00 80.00 0.00 -150.00 510.00 0.00 -150.00 940.00 0.00 -150.00 1200.00 0.00 -150.00 1460.00 0.00 0.00
4.16 0.00 0.00 0.00 0.00 0.00 0.00 0.00 0.00 0.00 -150.00 80.00 0.00 -150.00 510.00 0.00 -150.00 940.00 0.00 -150.00 1200.00 0.00 -150.00 1460.00 0.00 0.00
4.17 0.00 0.00 0.00 0.00 0.00 0.00 0.00 0.00 0.00 -150.00 80.00 0.00 -150.00 510.00 0.00 -150.00 940.00 0.00 -150.00 1200.00 0.00 -150.00 1460.00 0.00 0.00
4.18 0.00 0.00 0.00 0.00 0.00 0.00 0.00 0.00 0.00 -150.00 80.00 0.00 -150.00 510.00 0.00 -150.00 940.00 0.00 -150.00 1200.00 0.00 -150.00 1460.00 0.00 0.00
4.19 0.00 0.00 0.00 0.00 0.00 0.00 0.00 0.00 0.00 -150.00 80.00 0.00 -150.00 510.00 0.00 -150.00 940.00 0.00 -150.00 1200.00 0.00 -150.00 1460.00 0.00 0.00
4.20 0.00 0.00 0.00 0.00 0.00 0.00 0.00 0.00 0.00 -150.00 80.00 0.00 -150.00 510.00 0.00 -150.00 940.00 0.00 -150.00 1200.00 0.00 -150.00 1460.00 0.00 0.00
4.21 0.00 0.00 0.00 0.00 0.00 0.00 0.00 0.00 0.00 -150.00 80.00 0.00 -150.00 510.00 0.00 -150.00 940.00 0.00 -150.00 1200.00 0.00 -150.00 1460.00 0.00 0.00
4.22 0.00 0.00 0.00 0.00 0.00 0.00 0.00 0.00 0.00 -150.00 80.00 0.00 -150.00 510.00 0.00 -150.00 940.00 0.00 -150.00 1200.00 0.00 -150.00 1460.00 0.00 0.00
4.23 0.00 0.00 0.00 0.00 0.00 0.00 0.00 0.00 0.00 -150.00 80.00 0.00 -150.00 510.00 0.00 -150.00 940.00 0.00 -150.00 1200.00 0.00 -150.00 1460.00 0.00 0.00
4.24 0.00 0.00 0.00 0.00 0.00 0.00 0.00 0.00 0.00 -150.00 80.00 0.00 -150.00 510.00 0.00 -150.00 940.00 0.00 -150.00 1200.00 0.00 -150.00 1460.00 0.00 0.00
4.25 0.00 0.00 0.00 0.00 0.00 0.00 0.00 0.00 0.00 -150.00 80.00 0.00 -150.00 510.00 0.00 -150.00 940.00 0.00 -150.00 1200.00 0.00 -150.00 1460.00 0.00 0.00
4.26 0.00 0.00 0.00 0.00 0.00 0.00 0.00 0.00 0.00 -150.00 80.00 0.00 -150.00 510.00 0.00 -150.00 940.00 0.00 -150.00 1200.00 0.00 -150.00 1460.00 0.00 0.00
4.27 0.00 0.00 0.00 0.00 0.00 0.00 0.00 0.00 0.00 -150.00 80.00 0.00 -150.00 510.00 0.00 -150.00 940.00 0.00 -150.00 1200.00 0.00 -150.00 1460.00 0.00 0.00
4.28 0.00 0.00 0.00 0.00 0.00 0.00 0.00 0.00 0.00 -150.00 80.00 0.00 -150.00 510.00 0.00 -150.00 940.00 0.00 -150.00 1200.00 0.00 -150.00 1460.00 0.00 0.00
4.29 0.00 0.00 0.00 0.00 0.00 0.00 0.00 0.00 0.00 -150.00 80.00 0.00 -150.00 510.00 0.00 -150.00 940.00 0.00 -150.00 1200.00 0.00 -150.00 1460.00 0.00 0.00
4.30 0.00 0.00 0.00 0.00 0.00 0.00 0.00 0.00 0.00 -150.00 80.00 0.00 -150.00 510.00 0.00 -150.00 940.00 0.00 -150.00 1200.00 0.00 -150.00 1460.00 0.00 0.00
4.31 0.00 0.00 0.00 0.00 0.00 0.00 0.00 0.00 0.00 -150.00 80.00 0.00 -150.00 510.00 0.00 -150.00 940.00 0.00 -150.00 1200.00 0.00 -150.00 1460.00 0.00 0.00
4.32 0.00 0.00 0.00 0.00 0.00 0.00 0.00 0.00 0.00 -150.00 80.00 0.00 -150.00 510.00 0.00 -150.00 940.00 0.00 -150.00 1200.00 0.00 -150.00 1460.00 0.00 0.00
4.33 0.00 0.00 0.00 0.00 0.00 0.00 0.00 0.00 0.00 -150.00 80.00 0.00 -150.00 510.00 0.00 -150.00 940.00 0.00 -150.00 1200.00 0.00 -150.00 1460.00 0.00 0.00
4.34 0.00 0.00 0.00 0.00 0.00 0.00 0.00 0.00 0.00 -150.00 80.00 0.00 -150.00 510.00 0.00 -150.00 940.00 0.00 -150.00 1200.00 0.00 -150.00 1460.00 0.00 0.00
4.35 0.00 0.00 0.00 0.00 0.00 0.00 0.00 0.00 0.00 -150.00 80.00 0.00 -150.00 510.00 0.00 -150.00 940.00 0.00 -150.00 1200.00 0.00 -150.00 1460.00 0.00 0.00
4.36 0.00 0.00 0.00 0.00 0.00 0.00 0.00 0.00 0.00 -150.00 80.00 0.00 -150.00 510.00 0.00 -150.00 940.00 0.00 -150.00 1200.00 0.00 -150.00 1460.00 0.00 0.00
4.37 0.00 0.00 0.00 0.00 0.00 0.00 0.00 0.00 0.00 -150.00 80.00 0.00 -150.00 510.00 0.00 -150.00 940.00 0.00 -150.00 1200.00 0.00 -150.00 1460.00 0.00 0.00
4.38 0.00 0.00 0.00 0.00 0.00 0.00 0.00 0.00 0.00 -150.00 80.00 0.00 -150.00 510.00 0.00 -150.00 940.00 0.00 -150.00 1200.00 0.00 -150.00 1460.00 0.00 0.00
4.39 0.00 0.00 0.00 0.00 0.00 0.00 0.00 0.00 0.00 -150.00 80.00 0.00 -150.00 510.00 0.00 -150.00 940.00 0.00 -150.00 1200.00 0.00 -150.00 1460.00 0.00 0.00
4.40 0.00 0.00 0.00 0.00 0.00 0.00 0.00 0.00 0.00 -150.00 80.00 0.00 -150.00 510.00 0.00 -150.00 940.00 0.00 -150.00 1200.00 0.00 -150.00 1460.00 0.00 0.00
4.41 0.00 0.00 0.00 0.00 0.00 0.00 0.00 0.00 0.00 -150.00 80.00 0.00 -150.00 510.00 0.00 -150.00 940.00 0.00 -150.00 1200.00 0.00 -150.00 1460.00 0.00 0.00
4.42 0.00 0.00 0.00 0.00 0.00 0.00 0.00 0.00 0.00 -150.00 80.00 0.00 -150.00 510.00 0.00 -150.00 940.00 0.00 -150.00 1200.00 0.00 -150.00 1460.00 0.00 0.00
4.43 0.00 0.00 0.00 0.00 0.00 0.00 0.00 0.00 0.00 -150.00 80.00 0.00 -150.00 510.00 0.00 -150.00 940.00 0.00 -150.00 1200.00 0.00 -150.00 1460.00 0.00 0.00
4.44 0.00 0.00 0.00 0.00 0.00 0.00 0.00 0.00 0.00 -150.00 80.00 0.00 -150.00 510.00 0.00 -150.00 940.00 0.00 -150.00 1200.00 0.00 -150.00 1460.00 0.00 0.00
4.45 0.00 0.00 0.00 0.00 0.00 0.00 0.00 0.00 0.00 -150.00 80.00 0.00 -150.00 510.00 0.00 -150.00 940.00 0.00 -150.00 1200.00 0.00 -150.00 1460.00 0.00 0.00
4.46 0.00 0.00 0.00 0.00 0.00 0.00 0.00 0.00 0.00 -150.00 80.00 0.00 -150.00 510.00 0.00 -150.00 940.00 0.00 -150.00 1200.00 0.00 -150.00 1460.00 0.00 0.00
4.47 0.00 0.00 0.00 0.00 0.00 0.00 0.00 0.00 0.00 -150.00 80.00 0.00 -150.00 510.00 0.00 -150.00 940.00 0.00 -150.00 1200.00 0.00 -150.00 1460.00 0.00 0.00
4.48 0.00 0.00 0.00 0.00 0.00 0.00 0.00 0.00 0.00 -150.00 80.00 0.00 -150.00 510.00 0.00 -150.00 940.00 0.00 -150.00 1200.00 0.00 -150.00 1460.00 0.00 0.00
4.49 0.00 0.00 0.00 0.00 0.00 0.00 0.00 0.00 0.00 -150.00 80.00 0.00 -150.00 510.00 0.00 -150.00 940.00 0.00 -150.00 1200.00 0.00 -150.00 1460.00 0.00 0.00
4.50 0.00 0.00 0.00 0.00 0.00 0.00 0.00 0.00 0.00 -150.00 80.00 0.00 -150.00 510.00 0.00 -150.00 940.00 0.00 -150.00 1200.00 0.00 -150.00 1460.00 0.00 0.00
4.51 0.00 0.00 0.00 0.00 0.00 0.00 0.00 0.00 0.00 -150.00 80.00 0.00 -150.00 510.00 0.00 -150.00 940.00 0.00 -150.00 1200.00 0.00 -150.00 1460.00 0.00 0.00
4.52 0.00 0.00 0.00 0.00 0.00 0.00 0.00 0.00 0.00 -150.00 80.00 0.00 -150.00 510.00 0.00 -150.00 940.00 0.00 -150.00 1200.00 0.00 -150.00 1460.00 0.00 0.00
4.53 0.00 0.00 0.00 0.00 0.00 0.00 0.00 0.00 0.00 -150.00 80.00 0.00 -150.00 510.00 0.00 -150.00 940.00 0.00 -150.00 1200.00 0.00 -150.00 1460.00 0.00 0.00
4.54 0.00 0.00 0.00 0.00 0.00 0.00 0.00 0.00 0.00 -150.00 80.00 0.00 -150.00 510.00 0.00 -150.00 940.00 0.00 -150.00 1200.00 0.00 -150.00 1460.00 0.00 0.00
4.55 0.00 0.00 0.00 0.00 0.00 0.00 0.00 0.00 0.00 -150.00 80.00 0.00 -150.00 510.00 0.00 -150.00 940.00 0.00 -150.00 1200.00 0.00 -150.00 1460.00 0.00 0.00
4.56 0.00 0.00 0.00 0.00 0.00 0.00 0.00 0.00 0.00 -150.00 80.00 0.00 -150.00 510.00 0.00 -150.00 940.00 0.00 -150.00 1200.00 0.00 -150.00 1460.00 0.00 0.00
4.57 0.00 0.00 0.00 0.00 0.00 0.00 0.00 0.00 0.00 -150.00 80.00 0.00 -150.00 510.00 0.00 -150.00 940.00 0.00 -150.00 1200.00 0.00 -150.00 1460.00 0.00 0.00
4.58 0.00 0.00 0.00 0.00 0.00 0.00 0.00 0.00 0.00 -150.00 80.00 0.00 -150.00 510.00 0.00 -150.00 940.00 0.00 -150.00 1200.00 0.00 -150.00 1460.00 0.00 0.00
4.59 0.00 0.00 0.00 0.00 0.00 0.00 0.00 0.00 0.00 -150.00 80.00 0.00 -150.00 510.00 0.00 -150.00 940.00 0.00 -150.00 1200.00 0.00 -150.00 1460.00 0.00 0.00
4.60 0.00 0.00 0.00 0.00 0.00 0.00 0.00 0.00 0.00 -150.00 80.00 0.00 -150.00 510.00 0.00 -150.00 940.00 0.00 -150.00 1200.00 0.00 -150.00 1460.00 0.00 0.00
4.61 0.00 0.00 0.00 0.00 0.00 0.00 0.00 0.00 0.00 -150.00 80.00 0.00 -150.00 510.00 0.00 -150.00 940.00 0.00 -150.00 1200.00 0.00 -150.00 1460.00 0.00 0.00
4.62 0.00 0.00 0.00 0.00 0.00 0.00 0.00 0.00 0.00 -150.00 80.00 0.00 -150.00 510.00 0.00 -150.00 940.00 0.00 -150.00 1200.00 0.00 -150.00 1460.00 0.00 0.00
4.63 0.00 0.00 0.00 0.00 0.00 0.00 0.00 0.00 0.00 -150.00 80.00 0.00 -150.00 510.00 0.00 -150.00 940.00 0.00 -150.00 1200.00 0.00 -150.00 1460.00 0.00 0.00
4.64 0.00 0.00 0.00 0.00 0.00 0.00 0.00 0.00 0.00 -150.00 80.00 0.00 -150.00 510.00 0.00 -150.00 940.00 0.00 -150.00 1200.00 0.00 -150.00 1460.00 0.00 0.00
4.65 0.00 0.00 0.00 0.00 0.00 0.00 0.00 0.00 0.00 -150.00 80.00 0.00 -150.00 510.00 0.00 -150.00 940.00 0.00 -150.00 1200.00 0.00 -150.00 1460.00 0.00 0.00
4.66 0.00 0.00 0.00 0.00 0.00 0.00 0.00 0.00 0.00 -150.00 80.00 0.00 -150.00 510.00 0.00 -150.00 940.00 0.00 -150.00 1200.00 0.00 -150.00 1460.00 0.00 0.00
4.67 0.00 0.00 0.00 0.00 0.00 0.00 0.00 0.00 0.00 -150.00 80.00 0.00 -150.00 510.00 0.00 -150.00 940.00 0.00 -150.00 1200.00 0.00 -150.00 1460.00 0.00 0.00
4.68 0.00 0.00 0.00 0.00 0.00 0.00 0.00 0.00 0.00 -150.00 80.00 0.00 -150.00 510.00 0.00 -150.00 940.00 0.00 -150.00 1200.00 0.00 -150.00 1460.00 0.00 0.00
4.69 0.00 0.00 0.00 0.00 0.00 0.00 0.00 0.00 0.00 -150.00 80.00 0.00 -150.00 510.00 0.00 -150.00 940.00 0.00 -150.00 1200.00 0.00 -150.00 1460.00 0.00 0.00
4.70 0.00 0.00 0.00 0.00 0.00 0.00 0.00 0.00 0.00 -150.00 80.00 0.00 -150.00 510.00 0.00 -150.00 940.00 0.00 -150.00 1200.00 0.00 -150.00 1460.00 0.00 0.00
4.71 0.00 0.00 0.00 0.00 0.00 0.00 0.00 0.00 0.00 -150.00 80.00 0.00 -150.00 510.00 0.00 -150.00 940.00 0.00 -150.00 1200.00 0.00 -150.00 1460.00 0.00 0.00
4.72 0.00 0.00 0.00 0.00 0.00 0.00 0.00 0.00 0.00 -150.00 80.00 0.00 -150.00 510.00 0.00 -150.00 940.00 0.00 -150.00 1200.00 0.00 -150.00 1460.00 0.00 0.00
4.73 0.00 0.00 0.00 0.00 0.00 0.00 0.00 0.00 0.00 -150.00 80.00 0.00 -150.00 510.00 0.00 -150.00 940.00 0.00 -150.00 1200.00 0.00 -150.00 1460.00 0.00 0.00
4.74 0.00 0.00 0.00 0.00 0.00 0.00 0.00 0.00 0.00 -150.00 80.00 0.00 -150.00 510.00 0.00 -150.00 940.00 0.00 -150.00 1200.00 0.00 -150.00 1460.00 0.00 0.00
4.75 0.00 0.00 0.00 0.00 0.00 0.00 0.00 0.00 0.00 -150.00 80.00 0.00 -150.00 510.00 0.00 -150.00 940.00 0.00 -150.00 1200.00 0.00 -150.00 1460.00 0.00 0.00
4.76 0.00 0.00 0.00 0.00 0.00 0.00 0.00 0.00 0.00 -150.00 80.00 0.00 -150.00 510.00 0.00 -150.00 940.00 0.00 -150.00 1200.00 0.00 -150.00 1460.00 0.00 0.00
4.77 0.00 0.00 0.00 0.00 0.00 0.00 0.00 0.00 0.00 -150.00 80.00 0.00 -150.00 510.00 0.00 -150.00 940.00 0.00 -150.00 1200.00 0.00 -150.00 1460.00 0.00 0.00
4.78 0.00 0.00 0.00 0.00 0.00 0.00 0.00 0.00 0.00 -150.00 80.00 0.00 -150.00 510.00 0.00 -150.00 940.00 0.00 -150.00 1200.00 0.00 -150.00 1460.00 0.00 0.00
4.79 0.00 0.00 0.00 0.00 0.00 0.00 0.00 0.00 0.00 -150.00 80.00 0.00 -150.00 510.00 0.00 -150.00 940.00 0.00 -150.00 1200.00 0.00 -150.00 1460.00 0.00 0.00
4.80 0.00 0.00 0.00 0.00 0.00 0.00 0.00 0.00 0.00 -150.00 80.00 0.00 -150.00 510.00 0.00 -150.00 940.00 0.00 -150.00 1200.00 0.00 -150.00 1460.00 0.00 0.00
4.81 0.00 0.00 0.00 0.00 0.00 0.00 0.00 0.00 0.00 -150.00 80.00 0.00 -150.00 510.00 0.00 -150.00 940.00 0.00 -150.00 1200.00 0.00 -150.00 1460.00 0.00 0.00
4.82 0.00 0.00 0.00 0.00 0.00 0.00 0.00 0.00 0.00 -150.00 80.00 0.00 -150.00 510.00 0.00 -150.00 940.00 0.00 -150.00 1200.00 0.00 -150.00 1460.00 0.00 0.00
4.83 0.00 0.00 0.00 0.00 0.00 0.00 0.00 0.00 0.00 -150.00 80.00 0.00 -150.00 510.00 0.00 -150.00 940.00 0.00 -150.00 1200.00 0.00 -150.00 1460.00 0.00 0.00
4.84 0.00 0.00 0.00 0.00 0.00 0.00 0.00 0.00 0.00 -150.00 80.00 0.00 -150.00 510.00 0.00 -150.00 940.00 0.00 -150.00 1200.00 0.00 -150.00 1460.00 0.00 0.00
4.85 0.00 0.00 0.00 0.00 0.00 0.00 0.00 0.00 0.00 -150.00 80.00 0.00 -150.00 510.00 0.00 -150.00 940.00 0.00 -150.00 1200.00 0.00 -150.00 1460.00 0.00 0.00
4.86 0.00 0.00 0.00 0.00 0.00 0.00 0.00 0.00 0.00 -150.00 80.00 0.00 -150.00 510.00 0.00 -150.00 940.00 0.00 -150.00 1200.00 0.00 -150.00 1460.00 0.00 0.00
4.87 0.00 0.00 0.00 0.00 0.00 0.00 0.00 0.00 0.00 -150.00 80.00 0.00 -150.00 510.00 0.00 -150.00 940.00 0.00 -150.00 1200.00 0.00 -150.00 1460.00 0.00 0.00
4.88 0.00 0.00 0.00 0.00 0.00 0.00 0.00 0.00 0.00 -150.00 80.00 0.00 -150.00 510.00 0.00 -150.00 940.00 0.00 -150.00 1200.00 0.00 -150.00 1460.00 0.00 0.00
4.89 0.00 0.00 0.00 0.00 0.00 0.00 0.00 0.00 0.00 -150.00 80.00 0.00 -150.00 510.00 0.00 -150.00 940.00 0.00 -150.00 1200.00 0.00 -150.00 1460.00 0.00 0.00
4.90 0.00 0.00 0.00 0.00 0.00 0.00 0.00 0.00 0.00 -150.00 80.00 0.00 -150.00 510.00 0.00 -150.00 940.00 0.00 -150.00 1200.00 0.00 -150.00 1460.00 0.00 0.00
4.91 0.00 0.00 0.00 0.00 0.00 0.00 0.00 0.00 0.00 -150.00 80.00 0.00 -150.00 510.00 0.00 -150.00 940.00 0.00 -150.00 1200.00 0.00 -150.00 1460.00 0.00 0.00
4.92 0.00 0.00 0.00 0.00 0.00 0.00 0.00 0.00 0.00 -150.00 80.00 0.00 -150.00 510.00 0.00 -150.00 940.00 0.00 -150.00 1200.00 0.00 -150.00 1460.00 0.00 0.00
4.93 0.00 0.00 0.00 0.00 0.00 0.00 0.00 0.00 0.00 -150.00 80.00 0.00 -150.00 510.00 0.00 -150.00 940.00 0.00 -150.00 1200.00 0.00 -150.00 1460.00 0.00 0.00
4.94 0.00 0.00 0.00 0.00 0.00 0.00 0.00 0.00 0.00 -150.00 80.00 0.00 -150.00 510.00 0.00 -150.00 940.00 0.00 -150.00 1200.00 0.00 -150.00 1460.00 0.00 0.00
4.95 0.00 0.00 0.00 0.00 0.00 0.00 0.00 0.00 0.00 -150.00 80.00 0.00 -150.00 510.00 0.00 -150.00 940.00 0.00 -150.00 1200.00 0.00 -150.00 1460.00 0.00 0.00
4.96 0.00 0.00 0.00 0.00 0.00 0.00 0.00 0.00 0.00 -150.00 80.00 0.00 -150.00 510.00 0.00 -150.00 940.00 0.00 -150.00 1200.00 0.00 -150.00 1460.00 0.00 0.00
4.97 0.00 0.00 0.00 0.00 0.00 0.00 0.00 0.00 0.00 -150.00 80.00 0.00 -150.00 510.00 0.00 -150.00 940.00 0.00 -150.00 1200.00 0.00 -150.00 1460.00 0.00 0.00
4.98 0.00 0.00 0.00 0.00 0.00 0.00 0.00 0.00 0.00 -150.00 80.00 0.00 -150.00 510.00 0.00 -150.00 940.00 0.00 -150.00 1200.00 0.00 -150.00 1460.00 0.00 0.00
4.99 0.00 0.00 0.00 0.00 0.00 0.00 0.00 0.00 0.00 -150.00 80.00 0.00 -150.00 510.00 0.00 -150.00 940.00 0.00 -150.00 1200.00 0.00 -150.00 1460.00 0.00 0.00
5.00 0.00 0.00 0.00 0.00 0.00 0.00 0.00 0.00 0.00 -150.00 80.00 0.00 -150.00 510.00 0.00 -150.00 940.00 0.00 -150.00 1200.00 0.00 -150.00 1460.00 0.00 0.00
5.01 0.00 0.00 0.00 0.00 0.00 0.00 0.00 0.00 0.00 -150.00 80.00 0.00 -150.00 510.00 0.00 -150.02 940.00 0.00 -150.00 1200.00 0.00 -149.98 1460.00 0.00 0.00
5.02 0.00 0.00 0.00 0.00 0.00 0.00 0.00 0.00 0.00 -150.00 80.00 0.00 -149.99 510.00 0.00 -150.07 940.00 0.00 -150.00 1200.00 0.00 -149.94 1460.00 0.00 0.00
5.03 0.00 0.00 0.00 0.00 0.00 0.00 0.00 0.00 0.00 -150.00 80.00 0.00 -149.98 510.00 0.00 -150.15 940.00 0.00 -150.00 1200.00 0.00 -149.86 1460.00 0.00 0.00
5.04 0.00 0.00 0.00 0.00 0.00 0.00 0.00 0.00 0.00 -150.00 80.00 0.00 -149.97 510.00 0.00 -150.26 940.00 0.00 -150.00 1200.00 0.00 -149.75 1460.00 0.00 0.00
5.05 0.00 0.00 0.00 0.00 0.00 0.00 0.00 0.00 0.00 -150.00 80.00 0.00 -149.95 510.00 0.00 -150.41 940.00 0.00 -150.01 1200.00 0.00 -149.60 1460.00 0.00 0.00
5.06 0.00 0.00 0.00 0.00 0.00 0.00 0.00 0.00 0.00 -150.00 80.00 0.00 -149.93 510.00 0.00 -150.59 940.00 0.00 -150.01 1200.00 0.00 -149.43 1460.00 0.00 0.00
5.07 0.00 0.00 0.00 0.00 0.00 0.00 0.00 0.00 0.00 -150.00 80.00 0.00 -149.90 510.00 0.00 -150.81 940.00 0.00 -150.01 1200.00 0.00 -149.22 1460.00 0.00 0.00
5.08 0.00 0.00 0.00 0.00 0.00 0.00 0.00 0.00 0.00 -150.00 80.00 0.00 -149.87 510.00 0.00 -151.05 940.00 0.00 -150.02 1200.00 0.00 -148.98 1459.99 0.00 0.00
5.09 0.00 0.00 0.00 0.00 0.00 0.00 0.00 0.00 0.00 -150.00 80.00 0.00 -149.83 510.00 0.00 -151.33 940.00 0.00 -150.02 1199.99 0.00 -148.72 1459.99 0.00 0.00
5.10 0.00 0.00 0.00 0.00 0.00 0.00 0.00 0.00 0.00 -150.00 80.00 0.00 -149.79 510.00 0.00 -151.64 940.00 0.00 -150.03 1199.99 0.00 -148.41 1459.99 0.00 0.00
5.11 0.00 0.00 0.00 0.00 0.00 0.00 0.00 0.00 0.00 -150.00 80.00 0.00 -149.75 510.00 0.00 -151.99 939.99 0.00 -150.04 1199.99 0.00 -148.08 1459.98 0.00 0.00
5.12 0.00 0.00 0.00 0.00 0.00 0.00 0.00 0.00 0.00 -150.00 80.00 0.00 -149.70 510.00 0.00 -152.37 939.99 0.00 -150.04 1199.98 0.00 -147.72 1459.97 0.00 0.00
5.13 0.00 0.00 0.00 0.00 0.00 0.00 0.00 0.00 0.00 -150.00 80.00 0.00 -149.65 510.00 0.00 -152.78 939.99 0.00 -150.05 1199.97 0.00 -147.32 1459.96 0.00 0.00
5.14 0.00 0.00 0.00 0.00 0.00 0.00 0.00 0.00 0.00 -150.00 80.00 0.00 -149.60 510.00 0.00 -153.22 939.98 0.00 -150.06 1199.97 0.00 -146.89 1459.95 0.00 0.00
5.15 0.00 0.00 0.00 0.00 0.00 0.00 0.00 0.00 0.00 -150.00 80.00 0.00 -149.54 510.00 0.00 -153.70 939.98 0.00 -150.07 1199.95 0.00 -146.44 1459.93 0.00 0.00
5.16 0.00 0.00 0.00 0.00 0.00 0.00 0.00 0.00 0.00 -150.00 80.00 0.00 -149.47 510.00 0.00 -154.20 939.97 0.00 -150.08 1199.94 0.00 -145.95 1459.91 0.00 0.00
5.17 0.00 0.00 0.00 0.00 0.00 0.00 0.00 0.00 0.00 -150.00 80.00 0.00 -149.41 510.00 0.00 -154.74 939.97 0.00 -150.08 1199.92 0.00 -145.43 1459.88 0.00 0.00
5.18 0.00 0.00 0.00 0.00 0.00 0.00 0.00 0.00 0.00 -150.00 80.00 0.00 -149.34 510.00 0.00 -155.32 939.96 0.00 -150.10 1199.91 0.00 -144.87 1459.85 0.00 0.00
5.19 0.00 0.00 0.00 0.00 0.00 0.00 0.00 0.00 0.00 -150.00 80.00 0.00 -149.26 510.00 0.00 -155.92 939.95 0.00 -150.11 1199.88 0.00 -144.29 1459.82 0.00 0.00
5.20 0.00 0.00 0.00 0.00 0.00 0.00 0.00 0.00 0.00 -150.00 80.00 0.00 -149.18 510.00 0.00 -156.56 939.94 0.00 -150.12 1199.86 0.00 -143.68 1459.78 0.00 0.00
5.21 0.00 0.00 0.00 0.00 0.00 0.00 0.00 0.00 0.00 -150.00 80.00 0.00 -149.10 510.00 0.00 -157.23 939.92 0.00 -150.13 1199.83 0.00 -143.03 1459.73 0.00 0.00
5.22 0.00 0.00 0.00 0.00 0.00 0.00 0.00 0.00 0.00 -150.00 80.00 0.00 -149.01 510.00 0.00 -157.93 939.91 0.00 -150.14 1199.79 0.00 -142.36 1459.67 0.00 0.00
5.23 0.00 0.00 0.00 0.00 0.00 0.00 0.00 0.00 0.00 -150.00 80.00 0.00 -148.92 510.00 0.00 -158.66 939.89 0.00 -150.16 1199.75 0.00 -141.65 1459.61 0.00 0.00
5.24 0.00 0.00 0.00 0.00 0.00 0.00 0.00 0.00 0.00 -150.00 80.00 0.00 -148.82 510.00 0.00 -159.43 939.87 0.00 -150.17 1199.70 0.00 -140.91 1459.54 0.00 0.00
5.25 0.00 0.00 0.00 0.00 0.00 0.00 0.00 0.00 0.00 -150.00 80.00 0.00 -148.72 510.00 0.00 -160.23 939.84 0.00 -150.19 1199.65 0.00 -140.15 1459.46 0.00 0.00
5.26 0.00 0.00 0.00 0.00 0.00 0.00 0.00 0.00 0.00 -150.00 80.00 0.00 -148.62 510.00 0.00 -161.06 939.82 0.00 -150.20 1199.59 0.00 -139.35 1459.36 0.00 0.00
5.27 0.00 0.00 0.00 0.00 0.00 0.00 0.00 0.00 0.00 -150.00 80.00 0.00 -148.51 510.00 0.00 -161.92 939.79 0.00 -150.22 1199.53 0.00 -138.52 1459.26 0.00 0.00
5.28 0.00 0.00 0.00 0.00 0.00 0.00 0.00 0.00 0.00 -150.00 80.00 0.00 -148.40 510.00 0.00 -162.81 939.76 0.00 -150.24 1199.45 0.00 -137.67 1459.15 0.00 0.00
5.29 0.00 0.00 0.00 0.00 0.00 0.00 0.00 0.00 0.00 -150.00 80.00 0.00 -148.28 510.00 0.00 -163.73 939.72 0.00 -150.26 1199.37 0.00 -136.78 1459.02 0.00 0.00
5.30 0.00 0.00 0.00 0.00 0.00 0.00 0.00 0.00 0.00 -150.00 80.00 0.00 -148.16 510.00 0.00 -164.69 939.68 0.00 -150.28 1199.28 0.00 -135.86 1458.88 0.00 0.00
5.31 0.00 0.00 0.00 0.00 0.00 0.00 0.00 0.00 0.00 -150.00 80.00 0.00 -148.04 510.00 0.00 -165.67 939.63 0.00 -150.30 1199.18 0.00 -134.92 1458.72 0.00 0.00
5.32 0.00 0.00 0.00 0.00 0.00 0.00 0.00 0.00 0.00 -150.00 80.00 0.00 -147.91 509.99 0.00 -166.69 939.58 0.00 -150.32 1199.07 0.00 -133.95 1458.55 0.00 0.00
5.33 0.00 0.00 0.00 0.00 0.00 0.00 0.00 0.00 0.00 -150.00 80.00 0.00 -147.78 509.99 0.00 -167.74 939.53 0.00 -150.34 1198.95 0.00 -132.94 1458.37 0.00 0.00
5.34 0.00 0.00 0.00 0.00 0.00 0.00 0.00 0.00 0.00 -150.00 80.00 0.00 -147.65 509.99 0.00 -168.82 939.47 0.00 -150.37 1198.82 0.00 -131.91 1458.16 0.00 0.00
5.35 0.00 0.00 0.00 0.00 0.00 0.00 0.00 0.00 0.00 -150.00 80.00 0.00 -147.51 509.99 0.00 -169.93 939.41 0.00 -150.39 1198.67 0.00 -130.86 1457.94 0.00 0.00
5.36 0.00 0.00 0.00 0.00 0.00 0.00 0.00 0.00 0.00 -150.00 80.00 0.00 -147.36 509.99 0.00 -171.07 939.34 0.00 -150.42 1198.52 0.00 -129.77 1457.70 0.00 0.00
5.37 0.00 0.00 0.00 0.00 0.00 0.00 0.00 0.00 0.00 -150.00 80.00 0.00 -147.22 509.99 0.00 -172.24 939.26 0.00 -150.45 1198.35 0.00 -128.66 1457.43 0.00 0.00
5.38 0.00 0.00 0.00 0.00 0.00 0.00 0.00 0.00 0.00 -150.00 80.00 0.00 -147.07 509.99 0.00 -173.44 939.18 0.00 -150.48 1198.16 0.00 -127.52 1457.15 0.00 0.00
5.39 0.00 0.00 0.00 0.00 0.00 0.00 0.00 0.00 0.00 -150.00 80.00 0.00 -146.91 509.99 0.00 -174.67 939.09 0.00 -150.51 1197.97 0.00 -126.35 1456.84 0.00 0.00
5.40 0.00 0.00 0.00 0.00 0.00 0.00 0.00 0.00 0.00 -150.00 80.00 0.00 -146.76 509.99 0.00 -175.93 939.00 0.00 -150.55 1197.75 0.00 -125.16 1456.51 0.00 0.00
5.41 0.00 0.00 0.00 0.00 0.00 0.00 0.00 0.00 0.00 -150.00 80.00 0.00 -146.59 509.99 0.00 -177.22 938.89 0.00 -150.58 1197.53 0.00 -123.94 1456.16 0.00 0.00
5.42 0.00 0.00 0.00 0.00 0.00 0.00 0.00 0.00 0.00 -150.00 80.00 0.00 -146.43 509.99 0.00 -178.54 938.78 0.00 -150.62 1197.28 0.00 -122.70 1455.78 0.00 0.00
5.43 0.00 0.00 0.00 0.00 0.00 0.00 0.00 0.00 0.00 -150.00 80.00 0.00 -146.26 509.98 0.00 -179.89 938.67 0.00 -150.66 1197.02 0.00 -121.43 1455.37 0.00 0.00
5.44 0.00 0.00 0.00 0.00 0.00 0.00 0.00 0.00 0.00 -150.00 80.00 0.00 -146.09 509.98 0.00 -181.27 938.54 0.00 -150.70 1196.74 0.00 -120.14 1454.94 0.00 0.00
5.45 0.00 0.00 0.00 0.00 0.00 0.00 0.00 0.00 0.00 -150.00 80.00 0.00 -145.91 509.98 0.00 -182.67 938.41 0.00 -150.75 1196.44 0.00 -118.83 1454.47 0.00 0.00
5.46 0.00 0.00 0.00 0.00 0.00 0.00 0.00 0.00 0.00 -150.00 80.00 0.00 -145.73 509.98 0.00 -184.11 938.26 0.00 -150.80 1196.12 0.00 -117.49 1453.98 0.00 0.00
5.47 0.00 0.00 0.00 0.00 0.00 0.00 0.00 0.00 0.00 -150.00 80.00 0.00 -145.55 509.98 0.00 -185.57 938.11 0.00 -150.85 1195.78 0.00 -116.13 1453.45 0.00 0.00
5.48 0.00 0.00 0.00 0.00 0.00 0.00 0.00 0.00 0.00 -150.00 80.00 0.00 -145.36 509.97 0.00 -187.07 937.95 0.00 -150.91 1195.42 0.00 -114.75 1452.89 0.00 0.00
5.49 0.00 0.00 0.00 0.00 0.00 0.00 0.00 0.00 0.00 -150.00 80.00 0.00 -145.17 509.97 0.00 -188.59 937.78 0.00 -150.96 1195.04 0.00 -113.34 1452.30 0.00 0.00
5.50 0.00 0.00 0.00 0.00 0.00 0.00 0.00 0.00 0.00 -150.00 80.00 0.00 -144.97 509.97 0.00 -190.14 937.59 0.00 -151.03 1194.63 0.00 -111.92 1451.68 0.00 0.00
5.51 0.00 0.00 0.00 0.00 0.00 0.00 0.00 0.00 0.00 -150.00 80.00 0.00 -144.77 509.97 0.00 -191.71 937.40 0.00 -151.09 1194.21 0.00 -110.47 1451.01 0.00 0.00
5.52 0.00 0.00 0.00 0.00 0.00 0.00 0.00 0.00 0.00 -150.00 80.00 0.00 -144.57 509.97 0.00 -193.31 937.19 0.00 -151.16 1193.75 0.00 -109.01 1450.32 0.00 0.00
5.53 0.00 0.00 0.00 0.00 0.00 0.00 0.00 0.00 0.00 -150.00 80.00 0.00 -144.37 509.96 0.00 -194.94 936.98 0.00 -151.24 1193.28 0.00 -107.53 1449.58 0.00 0.00
5.54 0.00 0.00 0.00 0.00 0.00 0.00 0.00 0.00 0.00 -150.00 80.00 0.00 -144.16 509.96 0.00 -196.60 936.75 0.00 -151.32 1192.78 0.00 -106.03 1448.80 0.00 0.00
5.55 0.00 0.00 0.00 0.00 0.00 0.00 0.00 0.00 0.00 -150.00 80.00 0.00 -143.95 509.96 0.00 -198.29 936.51 0.00 -151.40 1192.25 0.00 -104.52 1447.99 0.00 0.00
5.56 0.00 0.00 0.00 0.00 0.00 0.00 0.00 0.00 0.00 -150.00 80.00 0.00 -143.73 509.95 0.00 -199.99 936.26 0.00 -151.49 1191.69 0.00 -102.99 1447.13 0.00 0.00
5.57 0.00 0.00 0.00 0.00 0.00 0.00 0.00 0.00 0.00 -150.00 80.00 0.00 -143.51 509.95 0.00 -201.73 935.99 0.00 -151.59 1191.11 0.00 -101.45 1446.23 0.00 0.00
5.58 0.00 0.00 0.00 0.00 0.00 0.00 0.00 0.00 0.00 -150.00 80.00 0.00 -143.29 509.95 0.00 -203.49 935.71 0.00 -151.69 1190.50 0.00 -99.89 1445.29 0.00 0.00
5.59 0.00 0.00 0.00 0.00 0.00 0.00 0.00 0.00 0.00 -150.00 80.00 0.00 -143.06 509.94 0.00 -205.28 935.42 0.00 -151.80 1189.86 0.00 -98.32 1444.30 0.00 0.00
5.60 0.00 0.00 0.00 0.00 0.00 0.00 0.00 0.00 0.00 -150.00 80.00 0.00 -142.83 509.94 0.00 -207.09 935.11 0.00 -151.91 1189.19 0.00 -96.73 1443.27 0.00 0.00
5.61 0.00 0.00 0.00 0.00 0.00 0.00 0.00 0.00 0.00 -150.00 80.00 0.00 -142.60 509.94 0.00 -208.93 934.79 0.00 -152.03 1188.49 0.00 -95.14 1442.19 0.00 0.00
5.62 0.00 0.00 0.00 0.00 0.00 0.00 0.00 0.00 0.00 -150.00 80.00 0.00 -142.37 509.93 0.00 -210.79 934.45 0.00 -152.16 1187.76 0.00 -93.54 1441.06 0.00 0.00
5.63 0.00 0.00 0.00 0.00 0.00 0.00 0.00 0.00 0.00 -150.00 80.00 0.00 -142.13 509.93 0.00 -212.67 934.10 0.00 -152.30 1186.99 0.00 -91.92 1439.89 0.00 0.00
5.64 0.00 0.00 0.00 0.00 0.00 0.00 0.00 0.00 0.00 -150.00 80.00 0.00 -141.88 509.92 0.00 -214.58 933.73 0.00 -152.44 1186.20 0.00 -90.30 1438.66 0.00 0.00
5.65 0.00 0.00 0.00 0.00 0.00 0.00 0.00 0.00 0.00 -150.00 80.00 0.00 -141.64 509.92 0.00 -216.52 933.35 0.00 -152.60 1185.37 0.00 -88.68 1437.39 0.00 0.00
5.66 0.00 0.00 0.00 0.00 0.00 0.00 0.00 0.00 0.00 -150.00 80.00 0.00 -141.39 509.91 0.00 -218.47 932.95 0.00 -152.76 1184.51 0.00 -87.04 1436.07 0.00 0.00
5.67 0.00 0.00 0.00 0.00 0.00 0.00 0.00 0.00 0.00 -150.00 80.00 0.00 -141.14 509.91 0.00 -220.45 932.53 0.00 -152.93 1183.61 0.00 -85.41 1434.69 0.00 0.00
5.68 0.00 0.00 0.00 0.00 0.00 0.00 0.00 0.00 0.00 -150.00 80.00 0.00 -140.88 509.90 0.00 -222.45 932.10 0.00 -153.11 1182.68 0.00 -83.77 1433.26 0.00 0.00
5.69 0.00 0.00 0.00 0.00 0.00 0.00 0.00 0.00 0.00 -150.00 80.00 0.00 -140.62 509.90 0.00 -224.48 931.64 0.00 -153.30 1181.71 0.00 -82.13 1431.78 0.00 0.00
5.70 0.00 0.00 0.00 0.00 0.00 0.00 0.00 0.00 0.00 -150.00 80.00 0.00 -140.36 509.89 0.00 -226.52 931.17 0.00 -153.50 1180.71 0.00 -80.49 1430.25 0.00 0.00
5.71 0.00 0.00 0.00 0.00 0.00 0.00 0.00 0.00 0.00 -150.00 80.00 0.00 -140.10 509.89 0.00 -228.59 930.68 0.00 -153.72 1179.67 0.00 -78.85 1428.66 0.00 0.00
5.72 0.00 0.00 0.00 0.00 0.00 0.00 0.00 0.00 0.00 -150.00 80.00 0.00 -139.83 509.88 0.00 -230.67 930.17 0.00 -153.94 1178.59 0.00 -77.21 1427.01 0.00 0.00
5.73 0.00 0.00 0.00 0.00 0.00 0.00 0.00 0.00 0.00 -150.00 80.00 0.00 -139.56 509.87 0.00 -232.78 929.65 0.00 -154.18 1177.48 0.00 -75.57 1425.31 0.00 0.00
5.74 0.00 0.00 0.00 0.00 0.00 0.00 0.00 0.00 0.00 -150.00 80.00 0.00 -139.29 509.87 0.00 -234.91 929.10 0.00 -154.43 1176.33 0.00 -73.94 1423.56 0.00 0.00
5.75 0.00 0.00 0.00 0.00 0.00 0.00 0.00 0.00 0.00 -150.00 80.00 0.00 -139.01 509.86 0.00 -237.06 928.53 0.00 -154.69 1175.14 0.00 -72.32 1421.75 0.00 0.00
5.76 0.00 0.00 0.00 0.00 0.00 0.00 0.00 0.00 0.00 -150.00 80.00 0.00 -138.73 509.85 0.00 -239.22 927.94 0.00 -154.96 1173.91 0.00 -70.70 1419.88 0.00 0.00
5.77 0.00 0.00 0.00 0.00 0.00 0.00 0.00 0.00 0.00 -150.00 80.00 0.00 -138.45 509.84 0.00 -241.41 927.34 0.00 -155.25 1172.65 0.00 -69.10 1417.96 0.00 0.00
5.78 0.00 0.00 0.00 0.00 0.00 0.00 0.00 0.00 0.00 -150.00 80.00 0.00 -138.16 509.84 0.00 -243.61 926.71 0.00 -155.56 1171.34 0.00 -67.50 1415.98 0.00 0.00
5.79 0.00 0.00 0.00 0.00 0.00 0.00 0.00 0.00 0.00 -150.00 80.00 0.00 -137.88 509.83 0.00 -245.83 926.06 0.00 -155.87 1170.00 0.00 -65.91 1413.94 0.00 0.00
5.80 0.00 0.00 0.00 0.00 0.00 0.00 0.00 0.00 0.00 -150.00 80.00 0.00 -137.59 509.82 0.00 -248.07 925.38 0.00 -156.21 1168.61 0.00 -64.34 1411.84 0.00 0.00
5.81 0.00 0.00 0.00 0.00 0.00 0.00 0.00 0.00 0.00 -150.00 80.00 0.00 -137.29 509.81 0.00 -250.33 924.69 0.00 -156.56 1167.19 0.00 -62.78 1409.69 0.00 0.00
5.82 0.00 0.00 0.00 0.00 0.00 0.00 0.00 0.00 0.00 -150.00 80.00 0.00 -137.00 509.80 0.00 -252.60 923.97 0.00 -156.92 1165.73 0.00 -61.24 1407.48 0.00 0.00
5.83 0.00 0.00 0.00 0.00 0.00 0.00 0.00 0.00 0.00 -150.00 80.00 0.00 -136.70 509.79 0.00 -254.89 923.23 0.00 -157.30 1164.22 0.00 -59.72 1405.21 0.00 0.00
5.84 0.00 0.00 0.00 0.00 0.00 0.00 0.00 0.00 0.00 -150.00 80.00 0.00 -136.40 509.78 0.00 -257.20 922.47 0.00 -157.70 1162.68 0.00 -58.21 1402.89 0.00 0.00
5.85 0.00 0.00 0.00 0.00 0.00 0.00 0.00 0.00 0.00 -150.00 80.00 0.00 -136.09 509.78 0.00 -259.52 921.68 0.00 -158.12 1161.09 0.00 -56.72 1400.51 0.00 0.00
5.86 0.00 0.00 0.00 0.00 0.00 0.00 0.00 0.00 0.00 -150.00 80.00 0.00 -135.79 509.77 0.00 -261.85 920.87 0.00 -158.56 1159.47 0.00 -55.26 1398.07 0.00 0.00
5.87 0.00 0.00 0.00 0.00 0.00 0.00 0.00 0.00 0.00 -150.00 80.00 0.00 -135.48 509.75 0.00 -264.20 920.03 0.00 -159.01 1157.81 0.00 -53.82 1395.58 0.00 0.00
5.88 0.00 0.00 0.00 0.00 0.00 0.00 0.00 0.00 0.00 -150.00 80.00 0.00 -135.17 509.74 0.00 -266.56 919.18 0.00 -159.48 1156.10 0.00 -52.40 1393.03 0.00 0.00
5.89 0.00 0.00 0.00 0.00 0.00 0.00 0.00 0.00 0.00 -150.00 80.00 0.00 -134.85 509.73 0.00 -268.94 918.29 0.00 -159.97 1154.36 0.00 -51.01 1390.42 0.00 0.00
5.90 0.00 0.00 0.00 0.00 0.00 0.00 0.00 0.00 0.00 -150.00 80.00 0.00 -134.54 509.72 0.00 -271.33 917.38 0.00 -160.49 1152.57 0.00 -49.64 1387.76 0.00 0.00
5.91 0.00 0.00 0.00 0.00 0.00 0.00 0.00 0.00 0.00 -150.00 80.00 0.00 -134.22 509.71 0.00 -273.73 916.45 0.00 -161.02 1150.75 0.00 -48.31 1385.05 0.00 0.00
5.92 0.00 0.00 0.00 0.00 0.00 0.00 0.00 0.00 0.00 -150.00 80.00 0.00 -133.89 509.70 0.00 -276.14 915.49 0.00 -161.57 1148.88 0.00 -47.00 1382.28 0.00 0.00
5.93 0.00 0.00 0.00 0.00 0.00 0.00 0.00 0.00 0.00 -150.00 80.00 0.00 -133.57 509.69 0.00 -278.57 914.50 0.00 -162.15 1146.98 0.00 -45.73 1379.46 0.00 0.00
5.94 0.00 0.00 0.00 0.00 0.00 0.00 0.00 0.00 0.00 -150.00 80.00 0.00 -133.25 509.67 0.00 -281.00 913.49 0.00 -162.74 1145.04 0.00 -44.48 1376.59 0.00 0.00
5.95 0.00 0.00 0.00 0.00 0.00 0.00 0.00 0.00 0.00 -150.00 80.00 0.00 -132.92 509.66 0.00 -283.44 912.45 0.00 -163.36 1143.06 0.00 -43.27 1373.67 0.00 0.00
5.96 0.00 0.00 0.00 0.00 0.00 0.00 0.00 0.00 0.00 -150.00 80.00 0.00 -132.59 509.65 0.00 -285.90 911.39 0.00 -164.00 1141.04 0.00 -42.10 1370.69 0.00 0.00
5.97 0.00 0.00 0.00 0.00 0.00 0.00 0.00 0.00 0.00 -150.00 80.00 0.00 -132.25 509.63 0.00 -288.36 910.30 0.00 -164.66 1138.98 0.00 -40.96 1367.67 0.00 0.00
5.98 0.00 0.00 0.00 0.00 0.00 0.00 0.00 0.00 0.00 -150.00 80.00 0.00 -131.92 509.62 0.00 -290.83 909.18 0.00 -165.35 1136.89 0.00 -39.86 1364.60 0.00 0.00
5.99 0.00 0.00 0.00 0.00 0.00 0.00 0.00 0.00 0.00 -150.00 80.00 0.00 -131.58 509.61 0.00 -293.31 908.03 0.00 -166.05 1134.76 0.00 -38.80 1361.49 0.00 0.00
6.00 0.00 0.00 0.00 0.00 0.00 0.00 0.00 0.00 0.00 -150.00 80.00 0.00 -131.24 509.59 0.00 -295.80 906.86 0.00 -166.79 1132.59 0.00 -37.77 1358.33 0.00 0.00
6.01 0.00 0.00 0.00 0.00 0.00 0.00 0.00 0.00 0.00 -150.00 80.00 0.00 -130.90 509.58 0.00 -298.29 905.66 0.00 -167.54 1130.39 0.00 -36.79 1355.12 0.00 0.00
6.02 0.00 0.00 0.00 0.00 0.00 0.00 0.00 0.00 0.00 -150.00 80.00 0.00 -130.56 509.56 0.00 -300.79 904.43 0.00 -168.32 1128.15 0.00 -35.85 1351.88 0.00 0.00
6.03 0.00 0.00 0.00 0.00 0.00 0.00 0.00 0.00 0.00 -150.00 80.00 0.00 -130.21 509.54 0.00 -303.29 903.17 0.00 -169.12 1125.88 0.00 -34.95 1348.59 0.00 0.00
6.04 0.00 0.00 0.00 0.00 0.00 0.00 0.00 0.00 0.00 -150.00 80.00 0.00 -129.87 509.53 0.00 -305.80 901.89 0.00 -169.95 1123.57 0.00 -34.10 1345.26 0.00 0.00
6.05 0.00 0.00 0.00 0.00 0.00 0.00 0.00 0.00 0.00 -150.00 80.00 0.00 -129.52 509.51 0.00 -308.32 900.58 0.00 -170.80 1121.23 0.00 -33.29 1341.89 0.00 0.00
6.06 0.00 0.00 0.00 0.00 0.00 0.00 0.00 0.00 0.00 -150.00 80.00 0.00 -129.17 509.50 0.00 -310.84 899.23 0.00 -171.68 1118.86 0.00 -32.52 1338.49 0.00 0.00
6.07 0.00 0.00 0.00 0.00 0.00 0.00 0.00 0.00 0.00 -150.00 80.00 0.00 -128.82 509.48 0.00 -313.36 897.87 0.00 -172.58 1116.46 0.00 -31.81 1335.05 0.00 0.00
6.08 0.00 0.00 0.00 0.00 0.00 0.00 0.00 0.00 0.00 -150.00 80.00 0.00 -128.46 509.46 0.00 -315.88 896.47 0.00 -173.51 1114.02 0.00 -31.13 1331.58 0.00 0.00
6.09 0.00 0.00 0.00 0.00 0.00 0.00 0.00 0.00 0.00 -150.00 80.00 0.00 -128.11 509.44 0.00 -318.41 895.04 0.00 -174.46 1111.56 0.00 -30.51 1328.07 0.00 0.00
6.10 0.00 0.00 0.00 0.00 0.00 0.00 0.00 0.00 0.00 -150.00 80.00 0.00 -127.75 509.42 0.00 -320.93 893.58 0.00 -175.43 1109.06 0.00 -29.94 1324.54 0.00 0.00
6.11 0.00 0.00 0.00 0.00 0.00 0.00 0.00 0.00 0.00 -150.00 80.00 0.00 -127.39 509.41 0.00 -323.46 892.10 0.00 -176.44 1106.54 0.00 -29.41 1320.97 0.00 0.00
6.12 0.00 0.00 0.00 0.00 0.00 0.00 0.00 0.00 0.00 -150.00 80.00 0.00 -127.03 509.39 0.00 -325.99 890.59 0.00 -177.46 1103.99 0.00 -28.93 1317.38 0.00 0.00
6.13 0.00 0.00 0.00 0.00 0.00 0.00 0.00 0.00 0.00 -150.00 80.00 0.00 -126.67 509.37 0.00 -328.52 889.04 0.00 -178.51 1101.41 0.00 -28.51 1313.77 0.00 0.00
6.14 0.00 0.00 0.00 0.00 0.00 0.00 0.00 0.00 0.00 -150.00 80.00 0.00 -126.30 509.35 0.00 -331.05 887.47 0.00 -179.59 1098.80 0.00 -28.13 1310.13 0.00 0.00
6.15 0.00 0.00 0.00 0.00 0.00 0.00 0.00 0.00 0.00 -150.00 80.00 0.00 -125.94 509.33 0.00 -333.57 885.87 0.00 -180.69 1096.17 0.00 -27.81 1306.48 0.00 0.00
6.16 0.00 0.00 0.00 0.00 0.00 0.00 0.00 0.00 0.00 -150.00 80.00 0.00 -125.57 509.31 0.00 -336.10 884.24 0.00 -181.82 1093.52 0.00 -27.54 1302.80 0.00 0.00
6.17 0.00 0.00 0.00 0.00 0.00 0.00 0.00 0.00 0.00 -150.00 80.00 0.00 -125.20 509.28 0.00 -338.62 882.58 0.00 -182.97 1090.85 0.00 -27.32 1299.11 0.00 0.00
6.18 0.00 0.00 0.00 0.00 0.00 0.00 0.00 0.00 0.00 -150.00 80.00 0.00 -124.83 509.26 0.00 -341.14 880.90 0.00 -184.14 1088.15 0.00 -27.15 1295.40 0.00 0.00
6.19 0.00 0.00 0.00 0.00 0.00 0.00 0.00 0.00 0.00 -150.00 80.00 0.00 -124.46 509.24 0.00 -343.65 879.18 0.00 -185.34 1085.43 0.00 -27.03 1291.68 0.00 0.00
6.20 0.00 0.00 0.00 0.00 0.00 0.00 0.00 0.00 0.00 -150.00 80.00 0.00 -124.09 509.22 0.00 -346.16 877.44 0.00 -186.56 1082.69 0.00 -26.97 1287.94 0.00 0.00
6.21 0.00 0.00 0.00 0.00 0.00 0.00 0.00 0.00 0.00 -150.00 80.00 0.00 -123.71 509.20 0.00 -348.66 875.66 0.00 -187.81 1079.93 0.00 -26.96 1284.20 0.00 0.00
6.22 0.00 0.00 0.00 0.00 0.00 0.00 0.00 0.00 0.00 -150.00 80.00 0.00 -123.34 509.17 0.00 -351.16 873.86 0.00 -189.08 1077.16 0.00 -27.00 1280.45 0.00 0.00
6.23 0.00 0.00 0.00 0.00 0.00 0.00 0.00 0.00 0.00 -150.00 80.00 0.00 -122.96 509.15 0.00 -353.66 872.03 0.00 -190.38 1074.36 0.00 -27.10 1276.70 0.00 0.00
6.24 0.00 0.00 0.00 0.00 0.00 0.00 0.00 0.00 0.00 -150.00 80.00 0.00 -122.59 509.13 0.00 -356.14 870.17 0.00 -191.69 1071.55 0.00 -27.24 1272.94 0.00 0.00
6.25 0.00 0.00 0.00 0.00 0.00 0.00 0.00 0.00 0.00 -150.00 80.00 0.00 -122.21 509.10 0.00 -358.62 868.28 0.00 -193.03 1068.73 0.00 -27.45 1269.18 0.00 0.00
6.26 0.00 0.00 0.00 0.00 0.00 0.00 0.00 0.00 0.00 -150.00 80.00 0.00 -121.83 509.08 0.00 -361.09 866.36 0.00 -194.40 1065.89 0.00 -27.70 1265.43 0.00 0.00
6.27 0.00 0.00 0.00 0.00 0.00 0.00 0.00 0.00 0.00 -150.00 80.00 0.00 -121.45 509.05 0.00 -363.55 864.42 0.00 -195.78 1063.04 0.00 -28.01 1261.67 0.00 0.00
6.28 0.00 0.00 0.00 0.00 0.00 0.00 0.00 0.00 0.00 -150.00 80.00 0.00 -121.07 509.03 0.00 -366.01 862.44 0.00 -197.19 1060.18 0.00 -28.37 1257.92 0.00 0.00
6.29 0.00 0.00 0.00 0.00 0.00 0.00 0.00 0.00 0.00 -150.00 80.00 0.00 -120.68 509.00 0.00 -368.45 860.44 0.00 -198.62 1057.31 0.00 -28.78 1254.18 0.00 0.00
6.30 0.00 0.00 0.00 0.00 0.00 0.00 0.00 0.00 0.00 -150.00 80.00 0.00 -120.30 508.97 0.00 -370.88 858.41 0.00 -200.06 1054.43 0.00 -29.25 1250.44 0.00 0.00
6.31 0.00 0.00 0.00 0.00 0.00 0.00 0.00 0.00 0.00 -150.00 80.00 0.00 -119.92 508.95 0.00 -373.30 856.36 0.00 -201.53 1051.54 0.00 -29.76 1246.72 0.00 0.00
6.32 0.00 0.00 0.00 0.00 0.00 0.00 0.00 0.00 0.00 -150.00 80.00 0.00 -119.53 508.92 0.00 -375.72 854.27 0.00 -203.02 1048.64 0.00 -30.33 1243.00 0.00 0.00
6.33 0.00 0.00 0.00 0.00 0.00 0.00 0.00 0.00 0.00 -150.00 80.00 0.00 -119.15 508.89 0.00 -378.11 852.16 0.00 -204.53 1045.73 0.00 -30.95 1239.30 0.00 0.00
6.34 0.00 0.00 0.00 0.00 0.00 0.00 0.00 0.00 0.00 -150.00 80.00 0.00 -118.76 508.86 0.00 -380.50 850.03 0.00 -206.06 1042.82 0.00 -31.62 1235.62 0.00 0.00
6.35 0.00 0.00 0.00 0.00 0.00 0.00 0.00 0.00 0.00 -150.00 80.00 0.00 -118.37 508.84 0.00 -382.87 847.86 0.00 -207.61 1039.91 0.00 -32.34 1231.96 0.00 0.00
6.36 0.00 0.00 0.00 0.00 0.00 0.00 0.00 0.00 0.00 -150.00 80.00 0.00 -117.99 508.81 0.00 -385.23 845.67 0.00 -209.17 1036.99 0.00 -33.11 1228.31 0.00 0.00
6.37 0.00 0.00 0.00 0.00 0.00 0.00 0.00 0.00 0.00 -150.00 80.00 0.00 -117.60 508.78 0.00 -387.58 843.46 0.00 -210.76 1034.07 0.00 -33.93 1224.68 0.00 0.00
6.38 0.00 0.00 0.00 0.00 0.00 0.00 0.00 0.00 0.00 -150.00 80.00 0.00 -117.21 508.75 0.00 -389.91 841.21 0.00 -212.36 1031.15 0.00 -34.81 1221.08 0.00 0.00
6.39 0.00 0.00 0.00 0.00 0.00 0.00 0.00 0.00 0.00 -150.00 80.00 0.00 -116.82 508.72 0.00 -392.23 838.95 0.00 -213.98 1028.22 0.00 -35.72 1217.50 0.00 0.00
6.40 0.00 0.00 0.00 0.00 0.00 0.00 0.00 0.00 0.00 -150.00 80.00 0.00 -116.43 508.69 0.00 -394.53 836.65 0.00 -215.61 1025.30 0.00 -36.69 1213.95 0.00 0.00
6.41 0.00 0.00 0.00 0.00 0.00 0.00 0.00 0.00 0.00 -150.00 80.00 0.00 -116.04 508.66 0.00 -396.81 834.34 0.00 -217.26 1022.38 0.00 -37.71 1210.42 0.00 0.00
6.42 0.00 0.00 0.00 0.00 0.00 0.00 0.00 0.00 0.00 -150.00 80.00 0.00 -115.65 508.63 0.00 -399.08 831.99 0.00 -218.93 1019.46 0.00 -38.77 1206.92 0.00 0.00
6.43 0.00 0.00 0.00 0.00 0.00 0.00 0.00 0.00 0.00 -150.00 80.00 0.00 -115.26 508.59 0.00 -401.33 829.63 0.00 -220.61 1016.54 0.00 -39.88 1203.46 0.00 0.00
6.44 0.00 0.00 0.00 0.00 0.00 0.00 0.00 0.00 0.00 -150.00 80.00 0.00 -114.87 508.56 0.00 -403.57 827.24 0.00 -222.30 1013.63 0.00 -41.03 1200.02 0.00 0.00
6.45 0.00 0.00 0.00 0.00 0.00 0.00 0.00 0.00 0.00 -150.00 80.00 0.00 -114.48 508.53 0.00 -405.78 824.82 0.00 -224.01 1010.72 0.00 -42.23 1196.61 0.00 0.00
6.46 0.00 0.00 0.00 0.00 0.00 0.00 0.00 0.00 0.00 -150.00 80.00 0.00 -114.09 508.50 0.00 -407.98 822.39 0.00 -225.73 1007.82 0.00 -43.47 1193.24 0.00 0.00
6.47 0.00 0.00 0.00 0.00 0.00 0.00 0.00 0.00 0.00 -150.00 80.00 0.00 -113.70 508.46 0.00 -410.16 819.93 0.00 -227.46 1004.92 0.00 -44.76 1189.91 0.00 0.00
6.48 0.00 0.00 0.00 0.00 0.00 0.00 0.00 0.00 0.00 -150.00 80.00 0.00 -113.31 508.43 0.00 -412.32 817.45 0.00 -229.21 1002.03 0.00 -46.09 1186.61 0.00 0.00
6.49 0.00 0.00 0.00 0.00 0.00 0.00 0.00 0.00 0.00 -150.00 80.00 0.00 -112.91 508.40 0.00 -414.46 814.94 0.00 -230.96 999.14 0.00 -47.47 1183.34 0.00 0.00
6.50 0.00 0.00 0.00 0.00 0.00 0.00 0.00 0.00 0.00 -150.00 80.00 0.00 -112.52 508.36 0.00 -416.58 812.42 0.00 -232.73 996.27 0.00 -48.88 1180.12 0.00 0.00
6.51 0.00 0.00 0.00 0.00 0.00 0.00 0.00 0.00 0.00 -150.00 80.00 0.00 -112.13 508.33 0.00 -418.68 809.87 0.00 -234.51 993.40 0.00 -50.34 1176.93 0.00 0.00
6.52 0.00 0.00 0.00 0.00 0.00 0.00 0.00 0.00 0.00 -150.00 80.00 0.00 -111.74 508.29 0.00 -420.76 807.31 0.00 -236.30 990.54 0.00 -51.84 1173.78 0.00 0.00
6.53 0.00 0.00 0.00 0.00 0.00 0.00 0.00 0.00 0.00 -150.00 80.00 0.00 -111.35 508.26 0.00 -422.81 804.72 0.00 -238.10 987.70 0.00 -53.38 1170.67 0.00 0.00
6.54 0.00 0.00 0.00 0.00 0.00 0.00 0.00 0.00 0.00 -150.00 80.00 0.00 -110.96 508.22 0.00 -424.85 802.12 0.00 -239.90 984.86 0.00 -54.96 1167.60 0.00 0.00
6.55 0.00 0.00 0.00 0.00 0.00 0.00 0.00 0.00 0.00 -150.00 80.00 0.00 -110.57 508.19 0.00 -426.86 799.49 0.00 -241.72 982.04 0.00 -56.57 1164.58 0.00 0.00
6.56 0.00 0.00 0.00 0.00 0.00 0.00 0.00 0.00 0.00 -150.00 80.00 0.00 -110.18 508.15 0.00 -428.85 796.85 0.00 -243.54 979.22 0.00 -58.23 1161.60 0.00 0.00
6.57 0.00 0.00 0.00 0.00 0.00 0.00 0.00 0.00 0.00 -150.00 80.00 0.00 -109.79 508.12 0.00 -430.82 794.19 0.00 -245.37 976.42 0.00 -59.92 1158.65 0.00 0.00
6.58 0.00 0.00 0.00 0.00 0.00 0.00 0.00 0.00 0.00 -150.00 80.00 0.00 -109.40 508.08 0.00 -432.76 791.51 0.00 -247.21 973.63 0.00 -61.65 1155.76 0.00 0.00
6.59 0.00 0.00 0.00 0.00 0.00 0.00 0.00 0.00 0.00 -150.00 80.00 0.00 -109.01 508.04 0.00 -434.69 788.81 0.00 -249.05 970.86 0.00 -63.42 1152.90 0.00 0.00
6.60 0.00 0.00 0.00 0.00 0.00 0.00 0.00 0.00 0.00 -150.00 80.00 0.00 -108.62 508.00 0.00 -436.58 786.10 0.00 -250.90 968.10 0.00 -65.22 1150.09 0.00 0.00
6.61 0.00 0.00 0.00 0.00 0.00 0.00 0.00 0.00 0.00 -150.00 80.00 0.00 -108.23 507.97 0.00 -438.46 783.37 0.00 -252.76 965.35 0.00 -67.05 1147.33 0.00 0.00
6.62 0.00 0.00 0.00 0.00 0.00 0.00 0.00 0.00 0.00 -150.00 80.00 0.00 -107.84 507.93 0.00 -440.31 780.63 0.00 -254.62 962.62 0.00 -68.92 1144.60 0.00 0.00
6.63 0.00 0.00 0.00 0.00 0.00 0.00 0.00 0.00 0.00 -150.00 80.00 0.00 -107.45 507.89 0.00 -442.13 777.87 0.00 -256.48 959.90 0.00 -70.83 1141.92 0.00 0.00
6.64 0.00 0.00 0.00 0.00 0.00 0.00 0.00 0.00 0.00 -150.00 80.00 0.00 -107.07 507.85 0.00 -443.93 775.10 0.00 -258.35 957.20 0.00 -72.76 1139.29 0.00 0.00
6.65 0.00 0.00 0.00 0.00 0.00 0.00 0.00 0.00 0.00 -150.00 80.00 0.00 -106.68 507.81 0.00 -445.71 772.31 0.00 -260.22 954.51 0.00 -74.73 1136.70 0.00 0.00
6.66 0.00 0.00 0.00 0.00 0.00 0.00 0.00 0.00 0.00 -150.00 80.00 0.00 -106.29 507.77 0.00 -447.46 769.51 0.00 -262.09 951.83 0.00 -76.73 1134.16 0.00 0.00
6.67 0.00 0.00 0.00 0.00 0.00 0.00 0.00 0.00 0.00 -150.00 80.00 0.00 -105.91 507.73 0.00 -449.18 766.70 0.00 -263.97 949.18 0.00 -78.76 1131.66 0.00 0.00
6.68 0.00 0.00 0.00 0.00 0.00 0.00 0.00 0.00 0.00 -150.00 80.00 0.00 -105.52 507.69 0.00 -450.88 763.88 0.00 -265.85 946.54 0.00 -80.83 1129.20 0.00 0.00
6.69 0.00 0.00 0.00 0.00 0.00 0.00 0.00 0.00 0.00 -150.00 80.00 0.00 -105.14 507.65 0.00 -452.55 761.04 0.00 -267.73 943.91 0.00 -82.92 1126.79 0.00 0.00
6.70 0.00 0.00 0.00 0.00 0.00 0.00 0.00 0.00 0.00 -150.00 80.00 0.00 -104.76 507.61 0.00 -454.20 758.19 0.00 -269.62 941.31 0.00 -85.04 1124.42 0.00 0.00
6.71 0.00 0.00 0.00 0.00 0.00 0.00 0.00 0.00 0.00 -150.00 80.00 0.00 -104.38 507.57 0.00 -455.82 755.34 0.00 -271.50 938.71 0.00 -87.18 1122.09 0.00 0.00
6.72 0.00 0.00 0.00 0.00 0.00 0.00 0.00 0.00 0.00 -150.00 80.00 0.00 -103.99 507.53 0.00 -457.41 752.47 0.00 -273.39 936.14 0.00 -89.36 1119.81 0.00 0.00
6.73 0.00 0.00 0.00 0.00 0.00 0.00 0.00 0.00 0.00 -150.00 80.00 0.00 -103.61 507.49 0.00 -458.98 749.60 0.00 -275.27 933.58 0.00 -91.56 1117.57 0.00 0.00
6.74 0.00 0.00 0.00 0.00 0.00 0.00 0.00 0.00 0.00 -150.00 80.00 0.00 -103.24 507.45 0.00 -460.52 746.71 0.00 -277.16 931.04 0.00 -93.79 1115.37 0.00 0.00
6.75 0.00 0.00 0.00 0.00 0.00 0.00 0.00 0.00 0.00 -150.00 80.00 0.00 -102.86 507.41 0.00 -462.04 743.82 0.00 -279.04 928.52 0.00 -96.04 1113.21 0.00 0.00
6.76 0.00 0.00 0.00 0.00 0.00 0.00 0.00 0.00 0.00 -150.00 80.00 0.00 -102.48 507.37 0.00 -463.52 740.92 0.00 -280.92 926.01 0.00 -98.32 1111.10 0.00 0.00
6.77 0.00 0.00 0.00 0.00 0.00 0.00 0.00 0.00 0.00 -150.00 80.00 0.00 -102.11 507.32 0.00 -464.98 738.02 0.00 -282.80 923.52 0.00 -100.63 1109.02 0.00 0.00
6.78 0.00 0.00 0.00 0.00 0.00 0.00 0.00 0.00 0.00 -150.00 80.00 0.00 -101.73 507.28 0.00 -466.42 735.11 0.00 -284.68 921.05 0.00 -102.95 1106.98 0.00 0.00
6.79 0.00 0.00 0.00 0.00 0.00 0.00 0.00 0.00 0.00 -150.00 80.00 0.00 -101.36 507.24 0.00 -467.82 732.19 0.00 -286.56 918.59 0.00 -105.30 1104.99 0.00 0.00
6.80 0.00 0.00 0.00 0.00 0.00 0.00 0.00 0.00 0.00 -150.00 80.00 0.00 -100.99 507.20 0.00 -469.20 729.27 0.00 -288.44 916.15 0.00 -107.67 1103.03 0.00 0.00
6.81 0.00 0.00 0.00 0.00 0.00 0.00 0.00 0.00 0.00 -150.00 80.00 0.00 -100.62 507.15 0.00 -470.56 726.35 0.00 -290.31 913.73 0.00 -110.07 1101.11 0.00 0.00
6.82 0.00 0.00 0.00 0.00 0.00 0.00 0.00 0.00 0.00 -150.00 80.00 0.00 -100.25 507.11 0.00 -471.88 723.42 0.00 -292.18 911.32 0.00 -112.48 1099.22 0.00 0.00
6.83 0.00 0.00 0.00 0.00 0.00 0.00 0.00 0.00 0.00 -150.00 80.00 0.00 -99.88 507.07 0.00 -473.18 720.49 0.00 -294.05 908.93 0.00 -114.91 1097.38 0.00 0.00
6.84 0.00 0.00 0.00 0.00 0.00 0.00 0.00 0.00 0.00 -150.00 80.00 0.00 -99.51 507.03 0.00 -474.45 717.55 0.00 -295.91 906.56 0.00 -117.37 1095.57 0.00 0.00
6.85 0.00 0.00 0.00 0.00 0.00 0.00 0.00 0.00 0.00 -150.00 80.00 0.00 -99.15 506.98 0.00 -475.69 714.62 0.00 -297.77 904.20 0.00 -119.84 1093.79 0.00 0.00
6.86 0.00 0.00 0.00 0.00 0.00 0.00 0.00 0.00 0.00 -150.00 80.00 0.00 -98.78 506.94 0.00 -476.91 711.68 0.00 -299.62 901.86 0.00 -122.33 1092.04 0.00 0.00
6.87 0.00 0.00 0.00 0.00 0.00 0.00 0.00 0.00 0.00 -150.00 80.00 0.00 -98.42 506.90 0.00 -478.10 708.75 0.00 -301.47 899.54 0.00 -124.84 1090.33 0.00 0.00
6.88 0.00 0.00 0.00 0.00 0.00 0.00 0.00 0.00 0.00 -150.00 80.00 0.00 -98.06 506.85 0.00 -479.26 705.81 0.00 -303.31 897.23 0.00 -127.36 1088.65 0.00 0.00
6.89 0.00 0.00 0.00 0.00 0.00 0.00 0.00 0.00 0.00 -150.00 80.00 0.00 -97.70 506.81 0.00 -480.40 702.88 0.00 -305.15 894.94 0.00 -129.90 1087.01 0.00 0.00
6.90 0.00 0.00 0.00 0.00 0.00 0.00 0.00 0.00 0.00 -150.00 80.00 0.00 -97.35 506.76 0.00 -481.51 699.95 0.00 -306.98 892.67 0.00 -132.46 1085.39 0.00 0.00
6.91 0.00 0.00 0.00 0.00 0.00 0.00 0.00 0.00 0.00 -150.00 80.00 0.00 -96.99 506.72 0.00 -482.59 697.02 0.00 -308.81 890.41 0.00 -135.02 1083.80 0.00 0.00
6.92 0.00 0.00 0.00 0.00 0.00 0.00 0.00 0.00 0.00 -150.00 80.00 0.00 -96.64 506.68 0.00 -483.64 694.10 0.00 -310.62 888.17 0.00 -137.61 1082.24 0.00 0.00
6.93 0.00 0.00 0.00 0.00 0.00 0.00 0.00 0.00 0.00 -150.00 80.00 0.00 -96.28 506.63 0.00 -484.67 691.17 0.00 -312.44 885.94 0.00 -140.20 1080.71 0.00 0.00
6.94 0.00 0.00 0.00 0.00 0.00 0.00 0.00 0.00 0.00 -150.00 80.00 0.00 -95.93 506.59 0.00 -485.67 688.25 0.00 -314.24 883.73 0.00 -142.81 1079.20 0.00 0.00
6.95 0.00 0.00 0.00 0.00 0.00 0.00 0.00 0.00 0.00 -150.00 80.00 0.00 -95.59 506.54 0.00 -486.65 685.34 0.00 -316.04 881.53 0.00 -145.42 1077.72 0.00 0.00
6.96 0.00 0.00 0.00 0.00 0.00 0.00 0.00 0.00 0.00 -150.00 80.00 0.00 -95.24 506.50 0.00 -487.60 682.43 0.00 -317.82 879.35 0.00 -148.05 1076.27 0.00 0.00
6.97 0.00 0.00 0.00 0.00 0.00 0.00 0.00 0.00 0.00 -150.00 80.00 0.00 -94.90 506.45 0.00 -488.52 679.53 0.00 -319.61 877.19 0.00 -150.69 1074.84 0.00 0.00
6.98 0.00 0.00 0.00 0.00 0.00 0.00 0.00 0.00 0.00 -150.00 80.00 0.00 -94.55 506.41 0.00 -489.42 676.64 0.00 -321.38 875.04 0.00 -153.33 1073.43 0.00 0.00
6.99 0.00 0.00 0.00 0.00 0.00 0.00 0.00 0.00 0.00 -150.00 80.00 0.00 -94.21 506.37 0.00 -490.29 673.75 0.00 -323.14 872.90 0.00 -155.98 1072.04 0.00 0.00
7.00 0.00 0.00 0.00 0.00 0.00 0.00 0.00 0.00 0.00 -150.00 80.00 0.00 -93.87 506.32 0.00 -491.14 670.88 0.00 -324.89 870.78 0.00 -158.64 1070.68 0.00 0.00
7.01 0.00 0.00 0.00 0.00 0.00 0.00 0.00 0.00 0.00 -150.00 80.00 0.00 -93.54 506.28 0.00 -491.96 668.01 0.00 -326.64 868.67 0.00 -161.31 1069.34 0.00 0.00
7.02 0.00 0.00 0.00 0.00 0.00 0.00 0.00 0.00 0.00 -150.00 80.00 0.00 -93.20 506.23 0.00 -492.76 665.15 0.00 -328.37 866.58 0.00 -163.98 1068.01 0.00 0.00
7.03 0.00 0.00 0.00 0.00 0.00 0.00 0.00 0.00 0.00 -150.00 80.00 0.00 -92.87 506.19 0.00 -493.53 662.30 0.00 -330.09 864.50 0.00 -166.65 1066.70 0.00 0.00
7.04 0.00 0.00 0.00 0.00 0.00 0.00 0.00 0.00 0.00 -150.00 80.00 0.00 -92.54 506.14 0.00 -494.28 659.46 0.00 -331.80 862.44 0.00 -169.33 1065.42 0.00 0.00
7.05 0.00 0.00 0.00 0.00 0.00 0.00 0.00 0.00 0.00 -150.00 80.00 0.00 -92.21 506.10 0.00 -495.01 656.63 0.00 -333.51 860.39 0.00 -172.01 1064.15 0.00 0.00
7.06 0.00 0.00 0.00 0.00 0.00 0.00 0.00 0.00 0.00 -150.00 80.00 0.00 -91.89 506.06 0.00 -495.71 653.81 0.00 -335.20 858.35 0.00 -174.69 1062.89 0.00 0.00
7.07 0.00 0.00 0.00 0.00 0.00 0.00 0.00 0.00 0.00 -150.00 80.00 0.00 -91.56 506.01 0.00 -496.38 651.01 0.00 -336.87 856.33 0.00 -177.37 1061.65 0.00 0.00
7.08 0.00 0.00 0.00 0.00 0.00 0.00 0.00 0.00 0.00 -150.00 80.00 0.00 -91.24 505.97 0.00 -497.03 648.21 0.00 -338.54 854.32 0.00 -180.05 1060.43 0.00 0.00
7.09 0.00 0.00 0.00 0.00 0.00 0.00 0.00 0.00 0.00 -150.00 80.00 0.00 -90.93 505.92 0.00 -497.66 645.44 0.00 -340.19 852.33 0.00 -182.72 1059.22 0.00 0.00
7.10 0.00 0.00 0.00 0.00 0.00 0.00 0.00 0.00 0.00 -150.00 80.00 0.00 -90.61 505.88 0.00 -498.27 642.67 0.00 -341.84 850.35 0.00 -185.40 1058.02 0.00 0.00
7.11 0.00 0.00 0.00 0.00 0.00 0.00 0.00 0.00 0.00 -150.00 80.00 0.00 -90.30 505.83 0.00 -498.85 639.92 0.00 -343.46 848.38 0.00 -188.07 1056.84 0.00 0.00
7.12 0.00 0.00 0.00 0.00 0.00 0.00 0.00 0.00 0.00 -150.00 80.00 0.00 -89.98 505.79 0.00 -499.42 637.19 0.00 -345.08 846.43 0.00 -190.74 1055.66 0.00 0.00
7.13 0.00 0.00 0.00 0.00 0.00 0.00 0.00 0.00 0.00 -150.00 80.00 0.00 -89.68 505.75 0.00 -499.96 634.47 0.00 -346.68 844.49 0.00 -193.40 1054.50 0.00 0.00
7.14 0.00 0.00 0.00 0.00 0.00 0.00 0.00 0.00 0.00 -150.00 80.00 0.00 -89.37 505.70 0.00 -500.47 631.77 0.00 -348.27 842.56 0.00 -196.06 1053.35 0.00 0.00
7.15 0.00 0.00 0.00 0.00 0.00 0.00 0.00 0.00 0.00 -150.00 80.00 0.00 -89.07 505.66 0.00 -500.97 629.09 0.00 -349.84 840.65 0.00 -198.71 1052.21 0.00 0.00
7.16 0.00 0.00 0.00 0.00 0.00 0.00 0.00 0.00 0.00 -150.00 80.00 0.00 -88.77 505.62 0.00 -501.45 626.42 0.00 -351.40 838.75 0.00 -201.35 1051.09 0.00 0.00
7.17 0.00 0.00 0.00 0.00 0.00 0.00 0.00 0.00 0.00 -150.00 80.00 0.00 -88.47 505.57 0.00 -501.90 623.77 0.00 -352.94 836.87 0.00 -203.98 1049.97 0.00 0.00
7.18 0.00 0.00 0.00 0.00 0.00 0.00 0.00 0.00 0.00 -150.00 80.00 0.00 -88.17 505.53 0.00 -502.34 621.14 0.00 -354.47 835.00 0.00 -206.60 1048.85 0.00 0.00
7.19 0.00 0.00 0.00 0.00 0.00 0.00 0.00 0.00 0.00 -150.00 80.00 0.00 -87.88 505.49 0.00 -502.75 618.53 0.00 -355.98 833.14 0.00 -209.22 1047.75 0.00 0.00
7.20 0.00 0.00 0.00 0.00 0.00 0.00 0.00 0.00 0.00 -150.00 80.00 0.00 -87.59 505.45 0.00 -503.15 615.93 0.00 -357.48 831.30 0.00 -211.81 1046.66 0.00 0.00
7.21 0.00 0.00 0.00 0.00 0.00 0.00 0.00 0.00 0.00 -150.00 80.00 0.00 -87.30 505.40 0.00 -503.53 613.36 0.00 -358.96 829.47 0.00 -214.40 1045.57 0.00 0.00
7.22 0.00 0.00 0.00 0.00 0.00 0.00 0.00 0.00 0.00 -150.00 80.00 0.00 -87.02 505.36 0.00 -503.89 610.81 0.00 -360.43 827.65 0.00 -216.97 1044.49 0.00 0.00
7.23 0.00 0.00 0.00 0.00 0.00 0.00 0.00 0.00 0.00 -150.00 80.00 0.00 -86.73 505.32 0.00 -504.23 608.28 0.00 -361.88 825.85 0.00 -219.53 1043.42 0.00 0.00
7.24 0.00 0.00 0.00 0.00 0.00 0.00 0.00 0.00 0.00 -150.00 80.00 0.00 -86.45 505.28 0.00 -504.55 605.77 0.00 -363.31 824.07 0.00 -222.07 1042.36 0.00 0.00
7.25 0.00 0.00 0.00 0.00 0.00 0.00 0.00 0.00 0.00 -150.00 80.00 0.00 -86.18 505.24 0.00 -504.85 603.28 0.00 -364.73 822.29 0.00 -224.60 1041.30 0.00 0.00
7.26 0.00 0.00 0.00 0.00 0.00 0.00 0.00 0.00 0.00 -150.00 80.00 0.00 -85.90 505.20 0.00 -505.14 600.82 0.00 -366.12 820.53 0.00 -227.11 1040.25 0.00 0.00
7.27 0.00 0.00 0.00 0.00 0.00 0.00 0.00 0.00 0.00 -150.00 80.00 0.00 -85.63 505.16 0.00 -505.41 598.38 0.00 -367.50 818.79 0.00 -229.60 1039.21 0.00 0.00
7.28 0.00 0.00 0.00 0.00 0.00 0.00 0.00 0.00 0.00 -150.00 80.00 0.00 -85.37 505.11 0.00 -505.66 595.96 0.00 -368.87 817.06 0.00 -232.07 1038.17 0.00 0.00
7.29 0.00 0.00 0.00 0.00 0.00 0.00 0.00 0.00 0.00 -150.00 80.00 0.00 -85.10 505.07 0.00 -505.90 593.56 0.00 -370.21 815.35 0.00 -234.53 1037.14 0.00 0.00
7.30 0.00 0.00 0.00 0.00 0.00 0.00 0.00 0.00 0.00 -150.00 80.00 0.00 -84.84 505.03 0.00 -506.12 591.19 0.00 -371.54 813.65 0.00 -236.96 1036.11 0.00 0.00
7.31 0.00 0.00 0.00 0.00 0.00 0.00 0.00 0.00 0.00 -150.00 80.00 0.00 -84.58 504.99 0.00 -506.33 588.85 0.00 -372.85 811.97 0.00 -239.37 1035.09 0.00 0.00
7.32 0.00 0.00 0.00 0.00 0.00 0.00 0.00 0.00 0.00 -150.00 80.00 0.00 -84.33 504.96 0.00 -506.52 586.53 0.00 -374.14 810.30 0.00 -241.76 1034.08 0.00 0.00
7.33 0.00 0.00 0.00 0.00 0.00 0.00 0.00 0.00 0.00 -150.00 80.00 0.00 -84.08 504.92 0.00 -506.70 584.23 0.00 -375.41 808.65 0.00 -244.12 1033.07 0.00 0.00
7.34 0.00 0.00 0.00 0.00 0.00 0.00 0.00 0.00 0.00 -150.00 80.00 0.00 -83.83 504.88 0.00 -506.86 581.96 0.00 -376.66 807.01 0.00 -246.47 1032.07 0.00 0.00
7.35 0.00 0.00 0.00 0.00 0.00 0.00 0.00 0.00 0.00 -150.00 80.00 0.00 -83.58 504.84 0.00 -507.01 579.72 0.00 -377.90 805.39 0.00 -248.78 1031.07 0.00 0.00
7.36 0.00 0.00 0.00 0.00 0.00 0.00 0.00 0.00 0.00 -150.00 80.00 0.00 -83.34 504.80 0.00 -507.15 577.50 0.00 -379.11 803.79 0.00 -251.08 1030.08 0.00 0.00
7.37 0.00 0.00 0.00 0.00 0.00 0.00 0.00 0.00 0.00 -150.00 80.00 0.00 -83.10 504.76 0.00 -507.27 575.31 0.00 -380.31 802.20 0.00 -253.34 1029.10 0.00 0.00
7.38 0.00 0.00 0.00 0.00 0.00 0.00 0.00 0.00 0.00 -150.00 80.00 0.00 -82.86 504.73 0.00 -507.38 573.15 0.00 -381.48 800.63 0.00 -255.58 1028.12 0.00 0.00
7.39 0.00 0.00 0.00 0.00 0.00 0.00 0.00 0.00 0.00 -150.00 80.00 0.00 -82.63 504.69 0.00 -507.48 571.02 0.00 -382.64 799.08 0.00 -257.80 1027.15 0.00 0.00
7.40 0.00 0.00 0.00 0.00 0.00 0.00 0.00 0.00 0.00 -150.00 80.00 0.00 -82.40 504.65 0.00 -507.57 568.91 0.00 -383.78 797.55 0.00 -259.98 1026.18 0.00 0.00
7.41 0.00 0.00 0.00 0.00 0.00 0.00 0.00 0.00 0.00 -150.00 80.00 0.00 -82.17 504.62 0.00 -507.65 566.83 0.00 -384.89 796.03 0.00 -262.14 1025.23 0.00 0.00
7.42 0.00 0.00 0.00 0.00 0.00 0.00 0.00 0.00 0.00 -150.00 80.00 0.00 -81.95 504.58 0.00 -507.71 564.78 0.00 -385.99 794.53 0.00 -264.27 1024.28 0.00 0.00
7.43 0.00 0.00 0.00 0.00 0.00 0.00 0.00 0.00 0.00 -150.00 80.00 0.00 -81.73 504.55 0.00 -507.77 562.77 0.00 -387.07 793.05 0.00 -266.37 1023.33 0.00 0.00
7.44 0.00 0.00 0.00 0.00 0.00 0.00 0.00 0.00 0.00 -150.00 80.00 0.00 -81.51 504.51 0.00 -507.82 560.78 0.00 -388.13 791.59 0.00 -268.43 1022.40 0.00 0.00
7.45 0.00 0.00 0.00 0.00 0.00 0.00 0.00 0.00 0.00 -150.00 80.00 0.00 -81.30 504.48 0.00 -507.85 558.82 0.00 -389.16 790.14 0.00 -270.47 1021.47 0.00 0.00
7.46 0.00 0.00 0.00 0.00 0.00 0.00 0.00 0.00 0.00 -150.00 80.00 0.00 -81.09 504.44 0.00 -507.88 556.89 0.00 -390.18 788.72 0.00 -272.48 1020.55 0.00 0.00
7.47 0.00 0.00 0.00 0.00 0.00 0.00 0.00 0.00 0.00 -150.00 80.00 0.00 -80.88 504.41 0.00 -507.90 554.99 0.00 -391.18 787.31 0.00 -274.45 1019.64 0.00 0.00
7.48 0.00 0.00 0.00 0.00 0.00 0.00 0.00 0.00 0.00 -150.00 80.00 0.00 -80.68 504.38 0.00 -507.91 553.12 0.00 -392.15 785.93 0.00 -276.40 1018.74 0.00 0.00
7.49 0.00 0.00 0.00 0.00 0.00 0.00 0.00 0.00 0.00 -150.00 80.00 0.00 -80.48 504.34 0.00 -507.91 551.28 0.00 -393.11 784.56 0.00 -278.31 1017.84 0.00 0.00
7.50 0.00 0.00 0.00 0.00 0.00 0.00 0.00 0.00 0.00 -150.00 80.00 0.00 -80.29 504.31 0.00 -507.91 549.47 0.00 -394.05 783.22 0.00 -280.19 1016.96 0.00 0.00
7.51 0.00 0.00 0.00 0.00 0.00 0.00 0.00 0.00 0.00 -150.00 80.00 0.00 -80.10 504.28 0.00 -507.90 547.70 0.00 -394.96 781.89 0.00 -282.03 1016.08 0.00 0.00
7.52 0.00 0.00 0.00 0.00 0.00 0.00 0.00 0.00 0.00 -150.00 80.00 0.00 -79.91 504.25 0.00 -507.88 545.96 0.00 -395.86 780.59 0.00 -283.84 1015.22 0.00 0.00
7.53 0.00 0.00 0.00 0.00 0.00 0.00 0.00 0.00 0.00 -150.00 80.00 0.00 -79.72 504.22 0.00 -507.85 544.25 0.00 -396.74 779.31 0.00 -285.62 1014.37 0.00 0.00
7.54 0.00 0.00 0.00 0.00 0.00 0.00 0.00 0.00 0.00 -150.00 80.00 0.00 -79.54 504.19 0.00 -507.82 542.57 0.00 -397.59 778.04 0.00 -287.36 1013.52 0.00 0.00
7.55 0.00 0.00 0.00 0.00 0.00 0.00 0.00 0.00 0.00 -150.00 80.00 0.00 -79.36 504.16 0.00 -507.79 540.92 0.00 -398.43 776.81 0.00 -289.07 1012.69 0.00 0.00
7.56 0.00 0.00 0.00 0.00 0.00 0.00 0.00 0.00 0.00 -150.00 80.00 0.00 -79.19 504.13 0.00 -507.75 539.31 0.00 -399.25 775.59 0.00 -290.74 1011.87 0.00 0.00
7.57 0.00 0.00 0.00 0.00 0.00 0.00 0.00 0.00 0.00 -150.00 80.00 0.00 -79.02 504.10 0.00 -507.70 537.73 0.00 -400.04 774.39 0.00 -292.38 1011.06 0.00 0.00
7.58 0.00 0.00 0.00 0.00 0.00 0.00 0.00 0.00 0.00 -150.00 80.00 0.00 -78.85 504.07 0.00 -507.65 536.18 0.00 -400.82 773.22 0.00 -293.98 1010.26 0.00 0.00
7.59 0.00 0.00 0.00 0.00 0.00 0.00 0.00 0.00 0.00 -150.00 80.00 0.00 -78.69 504.05 0.00 -507.60 534.67 0.00 -401.57 772.07 0.00 -295.55 1009.47 0.00 0.00
7.60 0.00 0.00 0.00 0.00 0.00 0.00 0.00 0.00 0.00 -150.00 80.00 0.00 -78.53 504.02 0.00 -507.54 533.19 0.00 -402.31 770.95 0.00 -297.08 1008.70 0.00 0.00
7.61 0.00 0.00 0.00 0.00 0.00 0.00 0.00 0.00 0.00 -150.00 80.00 0.00 -78.37 503.99 0.00 -507.48 531.75 0.00 -403.02 769.85 0.00 -298.57 1007.94 0.00 0.00
7.62 0.00 0.00 0.00 0.00 0.00 0.00 0.00 0.00 0.00 -150.00 80.00 0.00 -78.22 503.97 0.00 -507.41 530.34 0.00 -403.72 768.77 0.00 -300.03 1007.20 0.00 0.00
7.63 0.00 0.00 0.00 0.00 0.00 0.00 0.00 0.00 0.00 -150.00 80.00 0.00 -78.07 503.94 0.00 -507.34 528.96 0.00 -404.40 767.71 0.00 -301.45 1006.46 0.00 0.00
7.64 0.00 0.00 0.00 0.00 0.00 0.00 0.00 0.00 0.00 -150.00 80.00 0.00 -77.93 503.92 0.00 -507.27 527.62 0.00 -405.05 766.68 0.00 -302.84 1005.75 0.00 0.00
7.65 0.00 0.00 0.00 0.00 0.00 0.00 0.00 0.00 0.00 -150.00 80.00 0.00 -77.79 503.89 0.00 -507.20 526.31 0.00 -405.69 765.68 0.00 -304.18 1005.04 0.00 0.00
7.66 0.00 0.00 0.00 0.00 0.00 0.00 0.00 0.00 0.00 -150.00 80.00 0.00 -77.65 503.87 0.00 -507.13 525.04 0.00 -406.31 764.70 0.00 -305.49 1004.36 0.00 0.00
7.67 0.00 0.00 0.00 0.00 0.00 0.00 0.00 0.00 0.00 -150.00 80.00 0.00 -77.52 503.85 0.00 -507.05 523.81 0.00 -406.91 763.75 0.00 -306.76 1003.68 0.00 0.00
7.68 0.00 0.00 0.00 0.00 0.00 0.00 0.00 0.00 0.00 -150.00 80.00 0.00 -77.39 503.82 0.00 -506.98 522.60 0.00 -407.49 762.82 0.00 -308.00 1003.03 0.00 0.00
7.69 0.00 0.00 0.00 0.00 0.00 0.00 0.00 0.00 0.00 -150.00 80.00 0.00 -77.26 503.80 0.00 -506.90 521.44 0.00 -408.05 761.91 0.00 -309.20 1002.39 0.00 0.00
7.70 0.00 0.00 0.00 0.00 0.00 0.00 0.00 0.00 0.00 -150.00 80.00 0.00 -77.14 503.78 0.00 -506.82 520.31 0.00 -408.59 761.04 0.00 -310.36 1001.76 0.00 0.00
7.71 0.00 0.00 0.00 0.00 0.00 0.00 0.00 0.00 0.00 -150.00 80.00 0.00 -77.02 503.76 0.00 -506.75 519.21 0.00 -409.11 760.19 0.00 -311.48 1001.16 0.00 0.00
7.72 0.00 0.00 0.00 0.00 0.00 0.00 0.00 0.00 0.00 -150.00 80.00 0.00 -76.91 503.74 0.00 -506.67 518.15 0.00 -409.62 759.36 0.00 -312.56 1000.57 0.00 0.00
7.73 0.00 0.00 0.00 0.00 0.00 0.00 0.00 0.00 0.00 -150.00 80.00 0.00 -76.80 503.72 0.00 -506.59 517.13 0.00 -410.10 758.56 0.00 -313.61 1000.00 0.00 0.00
7.74 0.00 0.00 0.00 0.00 0.00 0.00 0.00 0.00 0.00 -150.00 80.00 0.00 -76.69 503.71 0.00 -506.51 516.14 0.00 -410.57 757.79 0.00 -314.62 999.44 0.00 0.00
7.75 0.00 0.00 0.00 0.00 0.00 0.00 0.00 0.00 0.00 -150.00 80.00 0.00 -76.59 503.69 0.00 -506.44 515.19 0.00 -411.01 757.05 0.00 -315.59 998.91 0.00 0.00
7.76 0.00 0.00 0.00 0.00 0.00 0.00 0.00 0.00 0.00 -150.00 80.00 0.00 -76.49 503.67 0.00 -506.36 514.28 0.00 -411.44 756.33 0.00 -316.52 998.39 0.00 0.00
7.77 0.00 0.00 0.00 0.00 0.00 0.00 0.00 0.00 0.00 -150.00 80.00 0.00 -76.40 503.65 0.00 -506.29 513.40 0.00 -411.85 755.65 0.00 -317.42 997.89 0.00 0.00
7.78 0.00 0.00 0.00 0.00 0.00 0.00 0.00 0.00 0.00 -150.00 80.00 0.00 -76.31 503.64 0.00 -506.22 512.56 0.00 -412.24 754.98 0.00 -318.27 997.41 0.00 0.00
7.79 0.00 0.00 0.00 0.00 0.00 0.00 0.00 0.00 0.00 -150.00 80.00 0.00 -76.22 503.62 0.00 -506.14 511.76 0.00 -412.62 754.35 0.00 -319.09 996.95 0.00 0.00
7.80 0.00 0.00 0.00 0.00 0.00 0.00 0.00 0.00 0.00 -150.00 80.00 0.00 -76.14 503.61 0.00 -506.08 510.99 0.00 -412.97 753.75 0.00 -319.87 996.51 0.00 0.00
7.81 0.00 0.00 0.00 0.00 0.00 0.00 0.00 0.00 0.00 -150.00 80.00 0.00 -76.06 503.60 0.00 -506.01 510.26 0.00 -413.31 753.17 0.00 -320.61 996.09 0.00 0.00
7.82 0.00 0.00 0.00 0.00 0.00 0.00 0.00 0.00 0.00 -150.00 80.00 0.00 -75.99 503.58 0.00 -505.94 509.56 0.00 -413.63 752.62 0.00 -321.32 995.68 0.00 0.00
7.83 0.00 0.00 0.00 0.00 0.00 0.00 0.00 0.00 0.00 -150.00 80.00 0.00 -75.92 503.57 0.00 -505.88 508.91 0.00 -413.93 752.11 0.00 -321.98 995.30 0.00 0.00
7.84 0.00 0.00 0.00 0.00 0.00 0.00 0.00 0.00 0.00 -150.00 80.00 0.00 -75.85 503.56 0.00 -505.82 508.29 0.00 -414.22 751.62 0.00 -322.61 994.94 0.00 0.00
7.85 0.00 0.00 0.00 0.00 0.00 0.00 0.00 0.00 0.00 -150.00 80.00 0.00 -75.79 503.55 0.00 -505.77 507.71 0.00 -414.48 751.15 0.00 -323.20 994.60 0.00 0.00
7.86 0.00 0.00 0.00 0.00 0.00 0.00 0.00 0.00 0.00 -150.00 80.00 0.00 -75.73 503.54 0.00 -505.71 507.16 0.00 -414.73 750.72 0.00 -323.75 994.29 0.00 0.00
7.87 0.00 0.00 0.00 0.00 0.00 0.00 0.00 0.00 0.00 -150.00 80.00 0.00 -75.67 503.53 0.00 -505.66 506.65 0.00 -414.96 750.32 0.00 -324.27 993.99 0.00 0.00
7.88 0.00 0.00 0.00 0.00 0.00 0.00 0.00 0.00 0.00 -150.00 80.00 0.00 -75.62 503.52 0.00 -505.61 506.18 0.00 -415.18 749.95 0.00 -324.74 993.71 0.00 0.00
7.89 0.00 0.00 0.00 0.00 0.00 0.00 0.00 0.00 0.00 -150.00 80.00 0.00 -75.58 503.51 0.00 -505.57 505.75 0.00 -415.38 749.60 0.00 -325.18 993.46 0.00 0.00
7.90 0.00 0.00 0.00 0.00 0.00 0.00 0.00 0.00 0.00 -150.00 80.00 0.00 -75.53 503.50 0.00 -505.53 505.35 0.00 -415.55 749.29 0.00 -325.58 993.22 0.00 0.00
7.91 0.00 0.00 0.00 0.00 0.00 0.00 0.00 0.00 0.00 -150.00 80.00 0.00 -75.50 503.50 0.00 -505.49 505.00 0.00 -415.72 749.00 0.00 -325.94 993.01 0.00 0.00
7.92 0.00 0.00 0.00 0.00 0.00 0.00 0.00 0.00 0.00 -150.00 80.00 0.00 -75.46 503.49 0.00 -505.46 504.67 0.00 -415.86 748.75 0.00 -326.26 992.82 0.00 0.00
7.93 0.00 0.00 0.00 0.00 0.00 0.00 0.00 0.00 0.00 -150.00 80.00 0.00 -75.43 503.48 0.00 -505.43 504.39 0.00 -415.99 748.52 0.00 -326.55 992.66 0.00 0.00
7.94 0.00 0.00 0.00 0.00 0.00 0.00 0.00 0.00 0.00 -150.00 80.00 0.00 -75.40 503.48 0.00 -505.40 504.15 0.00 -416.10 748.33 0.00 -326.80 992.51 0.00 0.00
7.95 0.00 0.00 0.00 0.00 0.00 0.00 0.00 0.00 0.00 -150.00 80.00 0.00 -75.38 503.48 0.00 -505.38 503.94 0.00 -416.19 748.16 0.00 -327.01 992.39 0.00 0.00
7.96 0.00 0.00 0.00 0.00 0.00 0.00 0.00 0.00 0.00 -150.00 80.00 0.00 -75.36 503.47 0.00 -505.36 503.77 0.00 -416.27 748.03 0.00 -327.18 992.29 0.00 0.00
7.97 0.00 0.00 0.00 0.00 0.00 0.00 0.00 0.00 0.00 -150.00 80.00 0.00 -75.35 503.47 0.00 -505.35 503.64 0.00 -416.33 747.92 0.00 -327.31 992.21 0.00 0.00
7.98 0.00 0.00 0.00 0.00 0.00 0.00 0.00 0.00 0.00 -150.00 80.00 0.00 -75.34 503.47 0.00 -505.34 503.54 0.00 -416.37 747.85 0.00 -327.40 992.15 0.00 0.00
7.99 0.00 0.00 0.00 0.00 0.00 0.00 0.00 0.00 0.00 -150.00 80.00 0.00 -75.33 503.47 0.00 -505.33 503.49 0.00 -416.40 747.80 0.00 -327.46 992.12 0.00 0.00
8.00 0.00 0.00 0.00 0.00 0.00 0.00 0.00 0.00 0.00 -150.00 80.00 0.00 -75.33 503.47 0.00 -505.33 503.47 0.00 -416.41 747.79 0.00 -327.48 992.11 0.00 0.00
8.01 0.00 0.00 0.00 0.00 0.00 0.00 0.00 0.00 0.00 -150.00 80.00 0.00 -75.33 503.47 0.00 -505.33 503.47 0.00 -416.41 747.79 0.00 -327.48 992.11 0.00 0.00
8.02 0.00 0.00 0.00 0.00 0.00 0.00 0.00 0.00 0.00 -150.00 80.00 0.00 -75.33 503.47 0.00 -505.33 503.47 0.00 -416.41 747.79 0.00 -327.48 992.11 0.00 0.00
8.03 0.00 0.00 0.00 0.00 0.00 0.00 0.00 0.00 0.00 -150.00 80.00 0.00 -75.33 503.47 0.00 -505.33 503.47 0.00 -416.41 747.79 0.00 -327.48 992.11 0.00 0.00
8.04 0.00 0.00 0.00 0.00 0.00 0.00 0.00 0.00 0.00 -150.00 80.00 0.00 -75.33 503.47 0.00 -505.33 503.47 0.00 -416.41 747.79 0.00 -327.48 992.11 0.00 0.00
8.05 0.00 0.00 0.00 0.00 0.00 0.00 0.00 0.00 0.00 -150.00 80.00 0.00 -75.33 503.47 0.00 -505.33 503.47 0.00 -416.41 747.79 0.00 -327.48 992.11 0.00 0.00
8.06 0.00 0.00 0.00 0.00 0.00 0.00 0.00 0.00 0.00 -150.00 80.00 0.00 -75.33 503.47 0.00 -505.33 503.47 0.00 -416.41 747.79 0.00 -327.48 992.11 0.00 0.00
8.07 0.00 0.00 0.00 0.00 0.00 0.00 0.00 0.00 0.00 -150.00 80.00 0.00 -75.33 503.47 0.00 -505.33 503.47 0.00 -416.41 747.79 0.00 -327.48 992.11 0.00 0.00
8.08 0.00 0.00 0.00 0.00 0.00 0.00 0.00 0.00 0.00 -150.00 80.00 0.00 -75.33 503.47 0.00 -505.33 503.47 0.00 -416.41 747.79 0.00 -327.48 992.11 0.00 0.00
8.09 0.00 0.00 0.00 0.00 0.00 0.00 0.00 0.00 0.00 -150.00 80.00 0.00 -75.33 503.47 0.00 -505.33 503.47 0.00 -416.41 747.79 0.00 -327.48 992.11 0.00 0.00
8.10 0.00 0.00 0.00 0.00 0.00 0.00 0.00 0.00 0.00 -150.00 80.00 0.00 -75.33 503.47 0.00 -505.33 503.47 0.00 -416.41 747.79 0.00 -327.48 992.11 0.00 0.00
8.11 0.00 0.00 0.00 0.00 0.00 0.00 0.00 0.00 0.00 -150.00 80.00 0.00 -75.33 503.47 0.00 -505.33 503.47 0.00 -416.41 747.79 0.00 -327.48 992.11 0.00 0.00
8.12 0.00 0.00 0.00 0.00 0.00 0.00 0.00 0.00 0.00 -150.00 80.00 0.00 -75.33 503.47 0.00 -505.33 503.47 0.00 -416.41 747.79 0.00 -327.48 992.11 0.00 0.00
8.13 0.00 0.00 0.00 0.00 0.00 0.00 0.00 0.00 0.00 -150.00 80.00 0.00 -75.33 503.47 0.00 -505.33 503.47 0.00 -416.41 747.79 0.00 -327.48 992.11 0.00 0.00
8.14 0.00 0.00 0.00 0.00 0.00 0.00 0.00 0.00 0.00 -150.00 80.00 0.00 -75.33 503.47 0.00 -505.33 503.47 0.00 -416.41 747.79 0.00 -327.48 992.11 0.00 0.00
8.15 0.00 0.00 0.00 0.00 0.00 0.00 0.00 0.00 0.00 -150.00 80.00 0.00 -75.33 503.47 0.00 -505.33 503.47 0.00 -416.41 747.79 0.00 -327.48 992.11 0.00 0.00
8.16 0.00 0.00 0.00 0.00 0.00 0.00 0.00 0.00 0.00 -150.00 80.00 0.00 -75.33 503.47 0.00 -505.33 503.47 0.00 -416.41 747.79 0.00 -327.48 992.11 0.00 0.00
8.17 0.00 0.00 0.00 0.00 0.00 0.00 0.00 0.00 0.00 -150.00 80.00 0.00 -75.33 503.47 0.00 -505.33 503.47 0.00 -416.41 747.79 0.00 -327.48 992.11 0.00 0.00
8.18 0.00 0.00 0.00 0.00 0.00 0.00 0.00 0.00 0.00 -150.00 80.00 0.00 -75.33 503.47 0.00 -505.33 503.47 0.00 -416.41 747.79 0.00 -327.48 992.11 0.00 0.00
8.19 0.00 0.00 0.00 0.00 0.00 0.00 0.00 0.00 0.00 -150.00 80.00 0.00 -75.33 503.47 0.00 -505.33 503.47 0.00 -416.41 747.79 0.00 -327.48 992.11 0.00 0.00
8.20 0.00 0.00 0.00 0.00 0.00 0.00 0.00 0.00 0.00 -150.00 80.00 0.00 -75.33 503.47 0.00 -505.33 503.47 0.00 -416.41 747.79 0.00 -327.48 992.11 0.00 0.00
8.21 0.00 0.00 0.00 0.00 0.00 0.00 0.00 0.00 0.00 -150.00 80.00 0.00 -75.33 503.47 0.00 -505.33 503.47 0.00 -416.41 747.79 0.00 -327.48 992.11 0.00 0.00
8.22 0.00 0.00 0.00 0.00 0.00 0.00 0.00 0.00 0.00 -150.00 80.00 0.00 -75.33 503.47 0.00 -505.33 503.47 0.00 -416.41 747.79 0.00 -327.48 992.11 0.00 0.00
8.23 0.00 0.00 0.00 0.00 0.00 0.00 0.00 0.00 0.00 -150.00 80.00 0.00 -75.33 503.47 0.00 -505.33 503.47 0.00 -416.41 747.79 0.00 -327.48 992.11 0.00 0.00
8.24 0.00 0.00 0.00 0.00 0.00 0.00 0.00 0.00 0.00 -150.00 80.00 0.00 -75.33 503.47 0.00 -505.33 503.47 0.00 -416.41 747.79 0.00 -327.48 992.11 0.00 0.00
8.25 0.00 0.00 0.00 0.00 0.00 0.00 0.00 0.00 0.00 -150.00 80.00 0.00 -75.33 503.47 0.00 -505.33 503.47 0.00 -416.41 747.79 0.00 -327.48 992.11 0.00 0.00
8.26 0.00 0.00 0.00 0.00 0.00 0.00 0.00 0.00 0.00 -150.00 80.00 0.00 -75.33 503.47 0.00 -505.33 503.47 0.00 -416.41 747.79 0.00 -327.48 992.11 0.00 0.00
8.27 0.00 0.00 0.00 0.00 0.00 0.00 0.00 0.00 0.00 -150.00 80.00 0.00 -75.33 503.47 0.00 -505.33 503.47 0.00 -416.41 747.79 0.00 -327.48 992.11 0.00 0.00
8.28 0.00 0.00 0.00 0.00 0.00 0.00 0.00 0.00 0.00 -150.00 80.00 0.00 -75.33 503.47 0.00 -505.33 503.47 0.00 -416.41 747.79 0.00 -327.48 992.11 0.00 0.00
8.29 0.00 0.00 0.00 0.00 0.00 0.00 0.00 0.00 0.00 -150.00 80.00 0.00 -75.33 503.47 0.00 -505.33 503.47 0.00 -416.41 747.79 0.00 -327.48 992.11 0.00 0.00
8.30 0.00 0.00 0.00 0.00 0.00 0.00 0.00 0.00 0.00 -150.00 80.00 0.00 -75.33 503.47 0.00 -505.33 503.47 0.00 -416.41 747.79 0.00 -327.48 992.11 0.00 0.00
8.31 0.00 0.00 0.00 0.00 0.00 0.00 0.00 0.00 0.00 -150.00 80.00 0.00 -75.33 503.47 0.00 -505.33 503.47 0.00 -416.41 747.79 0.00 -327.48 992.11 0.00 0.00
8.32 0.00 0.00 0.00 0.00 0.00 0.00 0.00 0.00 0.00 -150.00 80.00 0.00 -75.33 503.47 0.00 -505.33 503.47 0.00 -416.41 747.79 0.00 -327.48 992.11 0.00 0.00
8.33 0.00 0.00 0.00 0.00 0.00 0.00 0.00 0.00 0.00 -150.00 80.00 0.00 -75.33 503.47 0.00 -505.33 503.47 0.00 -416.41 747.79 0.00 -327.48 992.11 0.00 0.00
8.34 0.00 0.00 0.00 0.00 0.00 0.00 0.00 0.00 0.00 -150.00 80.00 0.00 -75.33 503.47 0.00 -505.33 503.47 0.00 -416.41 747.79 0.00 -327.48 992.11 0.00 0.00
8.35 0.00 0.00 0.00 0.00 0.00 0.00 0.00 0.00 0.00 -150.00 80.00 0.00 -75.33 503.47 0.00 -505.33 503.47 0.00 -416.41 747.79 0.00 -327.48 992.11 0.00 0.00
8.36 0.00 0.00 0.00 0.00 0.00 0.00 0.00 0.00 0.00 -150.00 80.00 0.00 -75.33 503.47 0.00 -505.33 503.47 0.00 -416.41 747.79 0.00 -327.48 992.11 0.00 0.00
8.37 0.00 0.00 0.00 0.00 0.00 0.00 0.00 0.00 0.00 -150.00 80.00 0.00 -75.33 503.47 0.00 -505.33 503.47 0.00 -416.41 747.79 0.00 -327.48 992.11 0.00 0.00
8.38 0.00 0.00 0.00 0.00 0.00 0.00 0.00 0.00 0.00 -150.00 80.00 0.00 -75.33 503.47 0.00 -505.33 503.47 0.00 -416.41 747.79 0.00 -327.48 992.11 0.00 0.00
8.39 0.00 0.00 0.00 0.00 0.00 0.00 0.00 0.00 0.00 -150.00 80.00 0.00 -75.33 503.47 0.00 -505.33 503.47 0.00 -416.41 747.79 0.00 -327.48 992.11 0.00 0.00
8.40 0.00 0.00 0.00 0.00 0.00 0.00 0.00 0.00 0.00 -150.00 80.00 0.00 -75.33 503.47 0.00 -505.33 503.47 0.00 -416.41 747.79 0.00 -327.48 992.11 0.00 0.00
8.41 0.00 0.00 0.00 0.00 0.00 0.00 0.00 0.00 0.00 -150.00 80.00 0.00 -75.33 503.47 0.00 -505.33 503.47 0.00 -416.41 747.79 0.00 -327.48 992.11 0.00 0.00
8.42 0.00 0.00 0.00 0.00 0.00 0.00 0.00 0.00 0.00 -150.00 80.00 0.00 -75.33 503.47 0.00 -505.33 503.47 0.00 -416.41 747.79 0.00 -327.48 992.11 0.00 0.00
8.43 0.00 0.00 0.00 0.00 0.00 0.00 0.00 0.00 0.00 -150.00 80.00 0.00 -75.33 503.47 0.00 -505.33 503.47 0.00 -416.41 747.79 0.00 -327.48 992.11 0.00 0.00
8.44 0.00 0.00 0.00 0.00 0.00 0.00 0.00 0.00 0.00 -150.00 80.00 0.00 -75.33 503.47 0.00 -505.33 503.47 0.00 -416.41 747.79 0.00 -327.48 992.11 0.00 0.00
8.45 0.00 0.00 0.00 0.00 0.00 0.00 0.00 0.00 0.00 -150.00 80.00 0.00 -75.33 503.47 0.00 -505.33 503.47 0.00 -416.41 747.79 0.00 -327.48 992.11 0.00 0.00
8.46 0.00 0.00 0.00 0.00 0.00 0.00 0.00 0.00 0.00 -150.00 80.00 0.00 -75.33 503.47 0.00 -505.33 503.47 0.00 -416.41 747.79 0.00 -327.48 992.11 0.00 0.00
8.47 0.00 0.00 0.00 0.00 0.00 0.00 0.00 0.00 0.00 -150.00 80.00 0.00 -75.33 503.47 0.00 -505.33 503.47 0.00 -416.41 747.79 0.00 -327.48 992.11 0.00 0.00
8.48 0.00 0.00 0.00 0.00 0.00 0.00 0.00 0.00 0.00 -150.00 80.00 0.00 -75.33 503.47 0.00 -505.33 503.47 0.00 -416.41 747.79 0.00 -327.48 992.11 0.00 0.00
8.49 0.00 0.00 0.00 0.00 0.00 0.00 0.00 0.00 0.00 -150.00 80.00 0.00 -75.33 503.47 0.00 -505.33 503.47 0.00 -416.41 747.79 0.00 -327.48 992.11 0.00 0.00
8.50 0.00 0.00 0.00 0.00 0.00 0.00 0.00 0.00 0.00 -150.00 80.00 0.00 -75.33 503.47 0.00 -505.33 503.47 0.00 -416.41 747.79 0.00 -327.48 992.11 0.00 0.00
8.51 0.00 0.00 0.00 0.00 0.00 0.00 0.00 0.00 0.00 -150.00 80.00 0.00 -75.33 503.47 0.00 -505.33 503.47 0.00 -416.41 747.79 0.00 -327.48 992.11 0.00 0.00
8.52 0.00 0.00 0.00 0.00 0.00 0.00 0.00 0.00 0.00 -150.00 80.00 0.00 -75.33 503.47 0.00 -505.33 503.47 0.00 -416.41 747.79 0.00 -327.48 992.11 0.00 0.00
8.53 0.00 0.00 0.00 0.00 0.00 0.00 0.00 0.00 0.00 -150.00 80.00 0.00 -75.33 503.47 0.00 -505.33 503.47 0.00 -416.41 747.79 0.00 -327.48 992.11 0.00 0.00
8.54 0.00 0.00 0.00 0.00 0.00 0.00 0.00 0.00 0.00 -150.00 80.00 0.00 -75.33 503.47 0.00 -505.33 503.47 0.00 -416.41 747.79 0.00 -327.48 992.11 0.00 0.00
8.55 0.00 0.00 0.00 0.00 0.00 0.00 0.00 0.00 0.00 -150.00 80.00 0.00 -75.33 503.47 0.00 -505.33 503.47 0.00 -416.41 747.79 0.00 -327.48 992.11 0.00 0.00
8.56 0.00 0.00 0.00 0.00 0.00 0.00 0.00 0.00 0.00 -150.00 80.00 0.00 -75.33 503.47 0.00 -505.33 503.47 0.00 -416.41 747.79 0.00 -327.48 992.11 0.00 0.00
8.57 0.00 0.00 0.00 0.00 0.00 0.00 0.00 0.00 0.00 -150.00 80.00 0.00 -75.33 503.47 0.00 -505.33 503.47 0.00 -416.41 747.79 0.00 -327.48 992.11 0.00 0.00
8.58 0.00 0.00 0.00 0.00 0.00 0.00 0.00 0.00 0.00 -150.00 80.00 0.00 -75.33 503.47 0.00 -505.33 503.47 0.00 -416.41 747.79 0.00 -327.48 992.11 0.00 0.00
8.59 0.00 0.00 0.00 0.00 0.00 0.00 0.00 0.00 0.00 -150.00 80.00 0.00 -75.33 503.47 0.00 -505.33 503.47 0.00 -416.41 747.79 0.00 -327.48 992.11 0.00 0.00
8.60 0.00 0.00 0.00 0.00 0.00 0.00 0.00 0.00 0.00 -150.00 80.00 0.00 -75.33 503.47 0.00 -505.33 503.47 0.00 -416.41 747.79 0.00 -327.48 992.11 0.00 0.00
8.61 0.00 0.00 0.00 0.00 0.00 0.00 0.00 0.00 0.00 -150.00 80.00 0.00 -75.33 503.47 0.00 -505.33 503.47 0.00 -416.41 747.79 0.00 -327.48 992.11 0.00 0.00
8.62 0.00 0.00 0.00 0.00 0.00 0.00 0.00 0.00 0.00 -150.00 80.00 0.00 -75.33 503.47 0.00 -505.33 503.47 0.00 -416.41 747.79 0.00 -327.48 992.11 0.00 0.00
8.63 0.00 0.00 0.00 0.00 0.00 0.00 0.00 0.00 0.00 -150.00 80.00 0.00 -75.33 503.47 0.00 -505.33 503.47 0.00 -416.41 747.79 0.00 -327.48 992.11 0.00 0.00
8.64 0.00 0.00 0.00 0.00 0.00 0.00 0.00 0.00 0.00 -150.00 80.00 0.00 -75.33 503.47 0.00 -505.33 503.47 0.00 -416.41 747.79 0.00 -327.48 992.11 0.00 0.00
8.65 0.00 0.00 0.00 0.00 0.00 0.00 0.00 0.00 0.00 -150.00 80.00 0.00 -75.33 503.47 0.00 -505.33 503.47 0.00 -416.41 747.79 0.00 -327.48 992.11 0.00 0.00
8.66 0.00 0.00 0.00 0.00 0.00 0.00 0.00 0.00 0.00 -150.00 80.00 0.00 -75.33 503.47 0.00 -505.33 503.47 0.00 -416.41 747.79 0.00 -327.48 992.11 0.00 0.00
8.67 0.00 0.00 0.00 0.00 0.00 0.00 0.00 0.00 0.00 -150.00 80.00 0.00 -75.33 503.47 0.00 -505.33 503.47 0.00 -416.41 747.79 0.00 -327.48 992.11 0.00 0.00
8.68 0.00 0.00 0.00 0.00 0.00 0.00 0.00 0.00 0.00 -150.00 80.00 0.00 -75.33 503.47 0.00 -505.33 503.47 0.00 -416.41 747.79 0.00 -327.48 992.11 0.00 0.00
8.69 0.00 0.00 0.00 0.00 0.00 0.00 0.00 0.00 0.00 -150.00 80.00 0.00 -75.33 503.47 0.00 -505.33 503.47 0.00 -416.41 747.79 0.00 -327.48 992.11 0.00 0.00
8.70 0.00 0.00 0.00 0.00 0.00 0.00 0.00 0.00 0.00 -150.00 80.00 0.00 -75.33 503.47 0.00 -505.33 503.47 0.00 -416.41 747.79 0.00 -327.48 992.11 0.00 0.00
8.71 0.00 0.00 0.00 0.00 0.00 0.00 0.00 0.00 0.00 -150.00 80.00 0.00 -75.33 503.47 0.00 -505.33 503.47 0.00 -416.41 747.79 0.00 -327.48 992.11 0.00 0.00
8.72 0.00 0.00 0.00 0.00 0.00 0.00 0.00 0.00 0.00 -150.00 80.00 0.00 -75.33 503.47 0.00 -505.33 503.47 0.00 -416.41 747.79 0.00 -327.48 992.11 0.00 0.00
8.73 0.00 0.00 0.00 0.00 0.00 0.00 0.00 0.00 0.00 -150.00 80.00 0.00 -75.33 503.47 0.00 -505.33 503.47 0.00 -416.41 747.79 0.00 -327.48 992.11 0.00 0.00
8.74 0.00 0.00 0.00 0.00 0.00 0.00 0.00 0.00 0.00 -150.00 80.00 0.00 -75.33 503.47 0.00 -505.33 503.47 0.00 -416.41 747.79 0.00 -327.48 992.11 0.00 0.00
8.75 0.00 0.00 0.00 0.00 0.00 0.00 0.00 0.00 0.00 -150.00 80.00 0.00 -75.33 503.47 0.00 -505.33 503.47 0.00 -416.41 747.79 0.00 -327.48 992.11 0.00 0.00
8.76 0.00 0.00 0.00 0.00 0.00 0.00 0.00 0.00 0.00 -150.00 80.00 0.00 -75.33 503.47 0.00 -505.33 503.47 0.00 -416.41 747.79 0.00 -327.48 992.11 0.00 0.00
8.77 0.00 0.00 0.00 0.00 0.00 0.00 0.00 0.00 0.00 -150.00 80.00 0.00 -75.33 503.47 0.00 -505.33 503.47 0.00 -416.41 747.79 0.00 -327.48 992.11 0.00 0.00
8.78 0.00 0.00 0.00 0.00 0.00 0.00 0.00 0.00 0.00 -150.00 80.00 0.00 -75.33 503.47 0.00 -505.33 503.47 0.00 -416.41 747.79 0.00 -327.48 992.11 0.00 0.00
8.79 0.00 0.00 0.00 0.00 0.00 0.00 0.00 0.00 0.00 -150.00 80.00 0.00 -75.33 503.47 0.00 -505.33 503.47 0.00 -416.41 747.79 0.00 -327.48 992.11 0.00 0.00
8.80 0.00 0.00 0.00 0.00 0.00 0.00 0.00 0.00 0.00 -150.00 80.00 0.00 -75.33 503.47 0.00 -505.33 503.47 0.00 -416.41 747.79 0.00 -327.48 992.11 0.00 0.00
8.81 0.00 0.00 0.00 0.00 0.00 0.00 0.00 0.00 0.00 -150.00 80.00 0.00 -75.33 503.47 0.00 -505.33 503.47 0.00 -416.41 747.79 0.00 -327.48 992.11 0.00 0.00
8.82 0.00 0.00 0.00 0.00 0.00 0.00 0.00 0.00 0.00 -150.00 80.00 0.00 -75.33 503.47 0.00 -505.33 503.47 0.00 -416.41 747.79 0.00 -327.48 992.11 0.00 0.00
8.83 0.00 0.00 0.00 0.00 0.00 0.00 0.00 0.00 0.00 -150.00 80.00 0.00 -75.33 503.47 0.00 -505.33 503.47 0.00 -416.41 747.79 0.00 -327.48 992.11 0.00 0.00
8.84 0.00 0.00 0.00 0.00 0.00 0.00 0.00 0.00 0.00 -150.00 80.00 0.00 -75.33 503.47 0.00 -505.33 503.47 0.00 -416.41 747.79 0.00 -327.48 992.11 0.00 0.00
8.85 0.00 0.00 0.00 0.00 0.00 0.00 0.00 0.00 0.00 -150.00 80.00 0.00 -75.33 503.47 0.00 -505.33 503.47 0.00 -416.41 747.79 0.00 -327.48 992.11 0.00 0.00
8.86 0.00 0.00 0.00 0.00 0.00 0.00 0.00 0.00 0.00 -150.00 80.00 0.00 -75.33 503.47 0.00 -505.33 503.47 0.00 -416.41 747.79 0.00 -327.48 992.11 0.00 0.00
8.87 0.00 0.00 0.00 0.00 0.00 0.00 0.00 0.00 0.00 -150.00 80.00 0.00 -75.33 503.47 0.00 -505.33 503.47 0.00 -416.41 747.79 0.00 -327.48 992.11 0.00 0.00
8.88 0.00 0.00 0.00 0.00 0.00 0.00 0.00 0.00 0.00 -150.00 80.00 0.00 -75.33 503.47 0.00 -505.33 503.47 0.00 -416.41 747.79 0.00 -327.48 992.11 0.00 0.00
8.89 0.00 0.00 0.00 0.00 0.00 0.00 0.00 0.00 0.00 -150.00 80.00 0.00 -75.33 503.47 0.00 -505.33 503.47 0.00 -416.41 747.79 0.00 -327.48 992.11 0.00 0.00
8.90 0.00 0.00 0.00 0.00 0.00 0.00 0.00 0.00 0.00 -150.00 80.00 0.00 -75.33 503.47 0.00 -505.33 503.47 0.00 -416.41 747.79 0.00 -327.48 992.11 0.00 0.00
8.91 0.00 0.00 0.00 0.00 0.00 0.00 0.00 0.00 0.00 -150.00 80.00 0.00 -75.33 503.47 0.00 -505.33 503.47 0.00 -416.41 747.79 0.00 -327.48 992.11 0.00 0.00
8.92 0.00 0.00 0.00 0.00 0.00 0.00 0.00 0.00 0.00 -150.00 80.00 0.00 -75.33 503.47 0.00 -505.33 503.47 0.00 -416.41 747.79 0.00 -327.48 992.11 0.00 0.00
8.93 0.00 0.00 0.00 0.00 0.00 0.00 0.00 0.00 0.00 -150.00 80.00 0.00 -75.33 503.47 0.00 -505.33 503.47 0.00 -416.41 747.79 0.00 -327.48 992.11 0.00 0.00
8.94 0.00 0.00 0.00 0.00 0.00 0.00 0.00 0.00 0.00 -150.00 80.00 0.00 -75.33 503.47 0.00 -505.33 503.47 0.00 -416.41 747.79 0.00 -327.48 992.11 0.00 0.00
8.95 0.00 0.00 0.00 0.00 0.00 0.00 0.00 0.00 0.00 -150.00 80.00 0.00 -75.33 503.47 0.00 -505.33 503.47 0.00 -416.41 747.79 0.00 -327.48 992.11 0.00 0.00
8.96 0.00 0.00 0.00 0.00 0.00 0.00 0.00 0.00 0.00 -150.00 80.00 0.00 -75.33 503.47 0.00 -505.33 503.47 0.00 -416.41 747.79 0.00 -327.48 992.11 0.00 0.00
8.97 0.00 0.00 0.00 0.00 0.00 0.00 0.00 0.00 0.00 -150.00 80.00 0.00 -75.33 503.47 0.00 -505.33 503.47 0.00 -416.41 747.79 0.00 -327.48 992.11 0.00 0.00
8.98 0.00 0.00 0.00 0.00 0.00 0.00 0.00 0.00 0.00 -150.00 80.00 0.00 -75.33 503.47 0.00 -505.33 503.47 0.00 -416.41 747.79 0.00 -327.48 992.11 0.00 0.00
8.99 0.00 0.00 0.00 0.00 0.00 0.00 0.00 0.00 0.00 -150.00 80.00 0.00 -75.33 503.47 0.00 -505.33 503.47 0.00 -416.41 747.79 0.00 -327.48 992.11 0.00 0.00
